N°;CONTRATO;CONTRATO_ORIGINAL;N° DO FLUXO ACC;ABERTO/FECHADO;TIPO;FRENTE;TRECHO;ENDEREÇO;DATA PROTOCOLO;AGENTE DA SUPERVISÃO;ETAPA ATUAL DO PROCESSO;SITUACAO_GERAL;COMUNICAÇÃO;COMUNICAÇÃO_STATUS;QUALIDADE;QUALIDADE_STATUS;SST;SST_STATUS;SUPERVISÃO;SUPERVISÃO_STATUS;PARTICIPANTES PENDENTES DE ANÁLISE;ARREDONDADO ATUAL;DATA_VENCIMENTO_ANALISE;CHECKLIST_DOCUMENTAL;PENDÊNCIAS;PENDENCIA_DOCUMENTAL;FLUXO_CORRELACIONADO;LIBERACAO_PREVISTA_SEMANA;FRENTE_CHAVE;ENDERECO_CHAVE
1;00797/24;797/24;#161;FECHADO;Mapeamento de Interferências;CT Aracília;PV-10 ao PV-11;Av Nossa Senhora de Fátima 180 ~ 332;30/06/2026;André;Revisão fechada;Com objeção;;Não informado;NÃO OBJETADO;Sem objeção;OBJETADO;Com objeção;OBJETADO;Com objeção;-;4;22/07/2026;;SST: APR, PAE, Contingência Supervisão: Relatório de mapeamento, porém sem gás neste trecho em específico.;Sim;198 e 206;-;CT ARACILIA;AV NOSSA SENHORA DE FATIMA 180 ~ 332
2;00268/24;268/24;#331;FECHADO;Planos Gerais;Plano de Contigência, Plano de Comunicação e PAE GERAL;-;-;01/07/2026;Outros;-;Não informado;;Não informado;;Não informado;-;Não informado;-;Não informado;-;1;-;;-;Não;;-;PLANO DE CONTIGENCIA, PLANO DE COMUNICACAO E PAE GERAL;-
3;00268/24;268/24;#333;FECHADO;Mapeamento de Interferências;IN Jd. Centenário;PV5.1 ao PV5.1.1;Rua Xapuri x Av Brejinho;01/07/2026;Wernner;Revisão fechada;Com objeção;;Não informado;;Não informado;NÃO OBJETADO;Sem objeção;OBJETADO;Com objeção;-;4;-;;Supervisão: Corrigir projeto, consta em arquivo nomeado como plano de furo, responder problemas registrados.;Sim;473;-;IN JD. CENTENARIO;RUA XAPURI X AV BREJINHO
4;00268/24;268/24;#335;FECHADO;Liberação de Frente;IN Jd. Centenário;PV5.1 ao PV5.1.1;Rua Xapuri x Av Brejinho;01/07/2026;Jéssica / Wernner;Revisão fechada, aguardar processo de mapeamento;Com objeção;;Não informado;NÃO OBJETADO;Sem objeção;NÃO HÁ ARQUIVOS PARA SST AVALIAR NESTA ETAPA;Não se aplica;OBJETADO;Com objeção;-;1;-;;Necessário realizar o procedimento de Mapeamento de Interferências, para revisão desta segunda etapa de documentação relacionada à Liberação de Frente de Serviço.;Sim;;-;IN JD. CENTENARIO;RUA XAPURI X AV BREJINHO
5;00268/24;268/24;#337;FECHADO;Liberação de Frente;CT Jd. Centenário;PV3.8 - PV3.7A;Rua Industrial x Rua Silvio Manfredi;01/07/2026;Wernner;Revisão fechada, aguardar processo de mapeamento;Com objeção;;Não informado;NÃO OBJETADO;Sem objeção;NÃO HÁ ARQUIVOS PARA SST AVALIAR NESTA ETAPA;Não se aplica;OBJETADO;Com objeção;-;1;13/07/2026;;Necessário realizar o procedimento de Mapeamento de Interferências, para revisão desta segunda etapa de documentação relacionada à Liberação de Frente de Serviço.;Sim;;-;CT JD. CENTENARIO;RUA INDUSTRIAL X RUA SILVIO MANFREDI
6;00268/24;268/24;#338;FECHADO;Mapeamento de Interferências;CT Jd. Centenário;PV3.8 - PV3.7A;Rua Silvio Manfredi;01/07/2026;Rodrigo;Revisão fechada;Com objeção;;Não informado;NÃO OBJETADO;Sem objeção;NÃO OBJETADO;Sem objeção;OBJETADO;Com objeção;-;1;-;;Supervisão: Cavas-testemunho e Relatório de mapeamento.;Sim;;-;CT JD. CENTENARIO;RUA SILVIO MANFREDI
7;00268/24;268/24;#340;ABERTO;Liberação de Frente;CT Santa Maria;PVS 4 5 E 6;Rua Guaraniaçu 67 ~ 99;01/07/2026;Wernner;Protocolo de saída, acionar a qualidade;Com objeção;;Não informado;;Não informado;NÃO HÁ ARQUIVOS PARA SST AVALIAR NESTA ETAPA;Não se aplica;OBJETADO;Com objeção;QUALIDADE;1;15/07/2026;;Trata-se do caso em que há comentários sem problemas inseridos dentro dos arquivos. Necessário realizar o procedimento de mapeamento de interferências, para revisão desta segunda etapa de documentação relacionada à Liberação de Frente de Serviço.;Sim;;-;CT SANTA MARIA;RUA GUARANIACU 67 ~ 99
8;00268/24;268/24;#341;FECHADO;Mapeamento de Interferências;CT Santa Maria;PVS 4 5 E 6;Rua Guaraniaçu 67 ~ 99;01/07/2026;Wernner;Aprovado;Sem objeção;;Não informado;;Não informado;NÃO OBJETADO;Sem objeção;NÃO OBJETADO;Sem objeção;-;4;-;;Mapeamento e abertura de cavas-testemunho aprovada pela supervisão.;Sim;;-;CT SANTA MARIA;RUA GUARANIACU 67 ~ 99
9;00268/24;268/24;#344;ABERTO;Liberação de Frente;CT Pimentas 2;PV31 A PV28;Rua Olga Benário;01/07/2026;Wernner;Consta em análise, acionar a qualidade;Com objeção;;Não informado;;Não informado;NÃO HÁ ARQUIVOS PARA SST AVALIAR NESTA ETAPA;Não se aplica;OBJETADO;Com objeção;QUALIDADE;1;15/07/2026;;Necessário realizar o procedimento de Mapeamento de Interferências, para revisão desta segunda etapa de documentação relacionada à Liberação de Frente de Serviço.;Sim;;-;CT PIMENTAS 2;RUA OLGA BENARIO
10;00268/24;268/24;#345;ABERTO;Mapeamento de Interferências;CT Pimentas 2;PV31 A PV28;Rua Olga Benário;01/07/2026;-;Retornou ao iniciador;Em análise;;Não informado;;Não informado;;Não informado;;Não informado;-;2;-;;-;Não;;-;CT PIMENTAS 2;RUA OLGA BENARIO
11;00268/24;268/24;#347;ABERTO;Mapeamento de Interferências;CT Jd. Centenário;PV18 A PV23;Alameda dos Pinheiros;01/07/2026;Rodrigo;Retornou ao iniciador (Arredondado 4);Com objeção;;Não informado;;Não informado;EM ANÁLISE;Em análise;OBJETADO;Com objeção;SST;4;15/07/2026;;SST: Em análise Supervisão: Cavas-testemunho, Relatório de mapeamento e arquivo com nome errado (Cadastro da Comgás que na verdade é o Relatório de mapeamento).;Sim;;-;CT JD. CENTENARIO;ALAMEDA DOS PINHEIROS
12;00268/24;268/24;#348;ABERTO;Liberação de Frente;CT Jd. Centenário;PV18 A PV23;Alameda dos Pinheiros;01/07/2026;-;Retornou ao iniciador;Em análise;;Não informado;;Não informado;NÃO HÁ ARQUIVOS PARA SST AVALIAR NESTA ETAPA;Não se aplica;-;Não informado;-;2;-;;Necessário realizar o procedimento de Mapeamento de Interferências, para revisão desta segunda etapa de documentação relacionada à Liberação de Frente de Serviço.;Sim;;-;CT JD. CENTENARIO;ALAMEDA DOS PINHEIROS
13;00268/24;268/24;#350;FECHADO;Mapeamento de Interferências;CT Pimentas 2;PV 17 AO 18;Rua São José da Laje;01/07/2026;Gian;Respondido;Com objeção;;Não informado;NÃO OBJETADO;Sem objeção;;Não informado;OBJETADO;Com objeção;-;2;15/07/2026;;Supervisão: Cavas-testemunho e Relatório de mapeamento;Sim;;-;CT PIMENTAS 2;RUA SAO JOSE DA LAJE
14;00268/24;268/24;#351;FECHADO;Liberação de Frente;CT Pimentas 2;PV 17 AO 18;Rua São José da Laje;01/07/2026;Jéssica;Revisão fechada, aguardar processo de mapeamento;Com objeção;;Não informado;NÃO OBJETADO;Sem objeção;NÃO HÁ ARQUIVOS PARA SST AVALIAR NESTA ETAPA;Não se aplica;OBJETADO;Com objeção;-;1;-;;Supervisão: Ajustar Projeto no Plano de Furo em TC Ø500mm. Necessário realizar o procedimento de Mapeamento de Interferências, para revisão desta segunda etapa de documentação relacionada à Liberação de Frente de Serviço.;Sim;;-;CT PIMENTAS 2;RUA SAO JOSE DA LAJE
15;00274/24;274/24;#345;FECHADO;Planos Gerais;Planos de Comunicação e PAE GERAL;-;-;01/07/2026;Outros;-;Não informado;;Não informado;;Não informado;-;Não informado;-;Não informado;-;1;-;;-;Não;;-;PLANOS DE COMUNICACAO E PAE GERAL;-
16;00274/24;274/24;#346;FECHADO;0;IN Complementar 220;-;Rua Pedra Lavada até a Estrada Guarulhos Nazaré;01/07/2026;Wernner;Revisão fechada, a empreiteira deverá revisar os arquivos objetados em um novo fluxo no ACC;Com objeção;;Não informado;;Não informado;OBJETADO;Com objeção;OBJETADO;Com objeção;-;2;16/07/2026;;SST: APR Supervisão: Cadastro Comgás, Projeto de Cavas, Projeto Aprovado;Sim;371;-;IN COMPLEMENTAR 220;RUA PEDRA LAVADA ATE A ESTRADA GUARULHOS NAZARE
17;00274/24;274/24;#348;FECHADO;Mapeamento de Interferências;CT Barra das Garças;-;Rua Araguainha / Rua Cáceres / Rua Sebastião Walter Fusco / Rua Teixeira;01/07/2026;Gian;Revisão fechada, a empreiteira deverá revisar os arquivos objetados em um novo fluxo no ACC;Com objeção;OBJETADO;Com objeção;NÃO OBJETADO;Sem objeção;OBJETADO;Com objeção;OBJETADO;Com objeção;;2;15/07/2026;;SST: APR, PAE Supervisão: Ajustar Plano de Furo e verificar versão atual do Projeto Aprovado;Sim;;-;CT BARRA DAS GARCAS;RUA ARAGUAINHA / RUA CACERES / RUA SEBASTIAO WALTER FUSCO / RUA TEIXEIRA
18;00797/24;797/24;#163;FECHADO;Planos Gerais;Planos de Comunicação;-;;01/07/2026;Outros;Respondido;Não informado;;Não informado;;Não informado;-;Não informado;-;Não informado;-;1;-;;-;Não;;-;PLANOS DE COMUNICACAO;
19;00797/24;797/24;#165;ABERTO;Mapeamento de Interferências;CT Aracília;PV-11 ao PV-12;Av Nossa Senhora de Fátima 180 ~ 276;01/07/2026;Gian;Respondido, solicitado para a qualidade encaminhar para Protocolo de Saída;Com objeção;;Não informado;NÃO OBJETADO;Sem objeção;OBJETADO;Com objeção;OBJETADO;Com objeção;-;1;15/07/2026;;SST: APR e Contingência Supervisão: Relatório de mapeamento;Sim;;-;CT ARACILIA;AV NOSSA SENHORA DE FATIMA 180 ~ 276
20;00797/24;797/24;#169;FECHADO;Mapeamento de Interferências;IN Estrada dos Vados 02;-;Estrada Velha Guarulhos Arujá 71 ~ 327;;André;Respondido;Com objeção;;Não informado;NÃO OBJETADO;Sem objeção;OBJETADO;Com objeção;OBJETADO;Com objeção;-;1;15/07/2026;;SST: PAE e Contingência Supervisão: Cavas-testemunho, Relatório de mapeamento, Plano de Furo, Projeto Executivo e Solicitação Comgás;Sim;;-;IN ESTRADA DOS VADOS 02;ESTRADA VELHA GUARULHOS ARUJA 71 ~ 327
21;00268/24;268/24;#354;FECHADO;Mapeamento de Interferências;CT Centenário;PV5;Av Venturosa 1109 x Av Brejinho;02/07/2026;Gian;Revisão fechada;Com objeção;;Não informado;;Não informado;OBJETADO;Com objeção;OBJETADO;Com objeção;SST;2;15/07/2026;;SST: APR e Contingência Supervisão: Cavas-testemunho e Relatório de mapeamento;Sim;;-;CT CENTENARIO;AV VENTUROSA 1109 X AV BREJINHO
22;00268/24;268/24;#356;ABERTO;Liberação de Frente;CT Centenário;PV5;Av Venturosa 1109 x Av Brejinho;02/07/2026;Gian;Respondido;Com objeção;;Não informado;;Não informado;NÃO HÁ ARQUIVOS PARA SST AVALIAR NESTA ETAPA;Não se aplica;OBJETADO;Com objeção;-;2;-;;Necessário realizar o procedimento de Mapeamento de Interferências, para revisão desta segunda etapa de documentação relacionada à Liberação de Frente de Serviço.;Sim;;-;CT CENTENARIO;AV VENTUROSA 1109 X AV BREJINHO
23;00268/24;268/24;#359;FECHADO;Mapeamento de Interferências;CT Centenário;PV12;Rua Nova Timboteva 61;02/07/2026;Rodrigo;Aprovado;Sem objeção;;Não informado;;Não informado;NÃO OBJETADO;Sem objeção;NÃO OBJETADO;Sem objeção;SST;3;-;;Mapeamento e abertura de cavas-testemunho aprovada pela supervisão.;Sim;;-;CT CENTENARIO;RUA NOVA TIMBOTEVA 61
24;00268/24;268/24;#361;ABERTO;Liberação de Frente;CT Centenário;PV12;Rua Nova Timboteva 61;02/07/2026;-;-;Com objeção;;Não informado;;Não informado;NÃO HÁ ARQUIVOS PARA SST AVALIAR NESTA ETAPA;Não se aplica;OBJETADO;Com objeção;-;2;-;;Necessário realizar o procedimento de Mapeamento de Interferências, para revisão desta segunda etapa de documentação relacionada à Liberação de Frente de Serviço.;Sim;;-;CT CENTENARIO;RUA NOVA TIMBOTEVA 61
25;00268/24;268/24;#365;FECHADO;Mapeamento de Interferências;CT Centenário;PV 3 ao PV 3.1;Av Venturosa x Rua Silvio Manfredi;02/07/2026;Jéssica/Gian;Revisão fechada, arquivos revisados pela empreiteira em novo fluxo/processo sob o nº 458;Com objeção;;Não informado;;Não informado;NÃO OBJETADO;Sem objeção;OBJETADO;Com objeção;-;4;-;;Supervisão: Arquivo de cava-testemunho, ajustar área hachurada e informações / autorização vencida.;Sim;458;-;CT CENTENARIO;AV VENTUROSA X RUA SILVIO MANFREDI
26;00268/24;268/24;#367;ABERTO;Liberação de Frente;CT Centenário;PV 3;Av Venturosa x Rua Silvio Manfredi;02/07/2026;-;-;Com objeção;;Não informado;;Não informado;NÃO HÁ ARQUIVOS PARA SST AVALIAR NESTA ETAPA;Não se aplica;OBJETADO;Com objeção;-;2;-;;Necessário realizar o procedimento de Mapeamento de Interferências, para revisão desta segunda etapa de documentação relacionada à Liberação de Frente de Serviço.;Sim;;-;CT CENTENARIO;AV VENTUROSA X RUA SILVIO MANFREDI
27;00268/24;268/24;#370;ABERTO;Mapeamento de Interferências;CT Pimentas 1;PV 26.4.1;Rua Zeferino de Freitas 139;02/07/2026;Gian;Protocolo de saída, acionar a qualidade;Com objeção;;Não informado;;Não informado;OBJETADO;Com objeção;OBJETADO;Com objeção;;2;20/07/2026;;SST: APR, PAE e Contingência Supervisão: Cavas-testemunho e Relatório de mapeamento;Sim;;-;CT PIMENTAS 1;RUA ZEFERINO DE FREITAS 139
28;00268/24;268/24;#372;ABERTO;Liberação de Frente;CT Pimentas 1;PV 26.4.1;Rua Zeferino de Freitas 139;02/07/2026;-;-;Em análise;;Não informado;;Não informado;NÃO HÁ ARQUIVOS PARA SST AVALIAR NESTA ETAPA;Não se aplica;-;Não informado;-;2;-;;Necessário realizar o procedimento de Mapeamento de Interferências, para revisão desta segunda etapa de documentação relacionada à Liberação de Frente de Serviço.;Sim;;-;CT PIMENTAS 1;RUA ZEFERINO DE FREITAS 139
29;00268/24;268/24;#374;ABERTO;Mapeamento de Interferências;CT Jd. Silvestre;PV 6;Rua São José da Laje 1175 x Rua Medeia;02/07/2026;Gian;Respondido;Com objeção;;Não informado;;Não informado;EM ANÁLISE;Em análise;OBJETADO;Com objeção;SST;2;20/07/2026;;Mapeamento / Cavas;Sim;;-;CT JD. SILVESTRE;RUA SAO JOSE DA LAJE 1175 X RUA MEDEIA
30;00268/24;268/24;#376;ABERTO;Liberação de Frente;CT Jd. Silvestre;PV 6;Rua São José da Laje 1175 x Rua Medeia;02/07/2026;-;-;Em análise;;Não informado;;Não informado;NÃO HÁ ARQUIVOS PARA SST AVALIAR NESTA ETAPA;Não se aplica;-;Não informado;-;2;-;;Necessário realizar o procedimento de Mapeamento de Interferências, para revisão desta segunda etapa de documentação relacionada à Liberação de Frente de Serviço.;Sim;;-;CT JD. SILVESTRE;RUA SAO JOSE DA LAJE 1175 X RUA MEDEIA
31;00268/24;268/24;#378;ABERTO;Mapeamento de Interferências;CT PQ. INDUSTRIAL;PV 3;Av Venturosa 1307 ~ 1345;02/07/2026;Gian;Respondido;Com objeção;;Não informado;;Não informado;OBJETADO;Com objeção;OBJETADO;Com objeção;;2;20/07/2026;;SST: APR, PAE e Contingência Supervisão: Cavas-testemunho e Relatório de mapeamento;Sim;;-;CT PQ. INDUSTRIAL;AV VENTUROSA 1307 ~ 1345
32;00268/24;268/24;#380;ABERTO;Liberação de Frente;CT PQ. INDUSTRIAL;PV 3;Av Venturosa 1307 ~ 1345;02/07/2026;-;-;Em análise;;Não informado;;Não informado;NÃO HÁ ARQUIVOS PARA SST AVALIAR NESTA ETAPA;Não se aplica;-;Não informado;-;2;-;;Necessário realizar o procedimento de Mapeamento de Interferências, para revisão desta segunda etapa de documentação relacionada à Liberação de Frente de Serviço.;Sim;;-;CT PQ. INDUSTRIAL;AV VENTUROSA 1307 ~ 1345
33;00268/24;268/24;#382;ABERTO;Mapeamento de Interferências;CT Pimentas 2;PV 15;Rua São José da Laje 263 esquina;02/07/2026;Gian;Protocolo de saída, acionar a qualidade;Com objeção;;Não informado;;Não informado;OBJETADO;Com objeção;OBJETADO;Com objeção;-;2;20/07/2026;;SST: APR, PAE e Contingência Supervisão: Cavas-testemunho e Relatório de mapeamento;Sim;;-;CT PIMENTAS 2;RUA SAO JOSE DA LAJE 263 ESQUINA
34;00268/24;268/24;#384;ABERTO;Liberação de Frente;CT Pimentas 2;PV 15;Rua São José da Laje 263 esquina;02/07/2026;-;Aguardando iniciador. Etapa após o Mapeamento e Cavas;Em análise;;Não informado;;Não informado;NÃO HÁ ARQUIVOS PARA SST AVALIAR NESTA ETAPA;Não se aplica;-;Não informado;-;2;-;;Necessário realizar o procedimento de Mapeamento de Interferências, para revisão desta segunda etapa de documentação relacionada à Liberação de Frente de Serviço.;Sim;;-;CT PIMENTAS 2;RUA SAO JOSE DA LAJE 263 ESQUINA
35;00272/24;272/24;#236;FECHADO;Mapeamento de Interferências;LR Pq. das Nações;-;Av Papa João Paulo I;02/07/2026;Gian;Revisão fechada;Com objeção;OBJETADO;Com objeção;NÃO OBJETADO;Sem objeção;OBJETADO;Com objeção;OBJETADO;Com objeção;SST;1;15/07/2026;;SST: APR, PAE Supervisão: Cavas-testemunho, ajustar cavas no arquivo com o nome de Plano de Furo;Sim;;-;LR PQ. DAS NACOES;AV PAPA JOAO PAULO I
36;00272/24;272/24;#237;ABERTO;Liberação de Frente;LR Pq. das Nações;-;Av Papa João Paulo I;02/07/2026;Gian;Respondido;Com objeção;;Não informado;;Não informado;NÃO HÁ ARQUIVOS PARA SST AVALIAR NESTA ETAPA;Não se aplica;OBJETADO;Com objeção;-;2;21/07/2026;;Necessário realizar o procedimento de Mapeamento de Interferências, para revisão desta segunda etapa de documentação relacionada à Liberação de Frente de Serviço.;Sim;;-;LR PQ. DAS NACOES;AV PAPA JOAO PAULO I
37;00274/24;274/24;#352;ABERTO;Mapeamento de Interferências;CT São João;PV6A;Av Papa João Paulo I;03/07/2026;Wernner;Protocolo de saída, acionar a qualidade;Com objeção;;Não informado;;Não informado;OBJETADO;Com objeção;OBJETADO;Com objeção;-;1;16/07/2026;;SST: APR, PAE Supervisão: Cavas-testemunho, ajustar as cavas no arquivo denominado Plano de Furo;Sim;;-;CT SAO JOAO;AV PAPA JOAO PAULO I
38;00274/24;274/24;#356;ABERTO;Planos Gerais;Planos de Comunicação e PAE GERAL;-;-;08/07/2026;Outros;-;Em análise;;Não informado;;Não informado;-;Não informado;-;Não informado;-;1;16/07/2026;;-;Não;;-;PLANOS DE COMUNICACAO E PAE GERAL;-
39;00797/24;797/24;#178;FECHADO;Mapeamento de Interferências;CT Dutra;PV 13.7 AO 13.22;Av Amâncio Gaioli;08/07/2026;Gian;Revisão fechada;Com objeção;;Não informado;NÃO OBJETADO;Sem objeção;OBJETADO;Com objeção;OBJETADO;Com objeção;SST;1;20/07/2026;;SST: APR, PAE, Contingência Supervisão: Ajustar projeto de cavas-testemunho, mapeamento, anexar protocolo da Comgás, anexar ART e MC no projeto de escoramento.;Sim;;-;CT DUTRA;AV AMANCIO GAIOLI
40;00797/24;797/24;#180;ABERTO;Mapeamento de Interferências;CT Dutra;PV 09 AO PV 02;Rua João Ranieri;13/07/2026;Gian;Iniciador, aguardando arquivos revisados.;Com objeção;;Não informado;NÃO OBJETADO;Sem objeção;OBJETADO;Com objeção;-;Não informado;SUPERVISÃO;2;-;Relatório de Mapeamento ( APR (x) PAE específico (ok) Plano de Contingência (ok) Projeto de Escoramento (ok) Carta (ok) Projeto Executivo (ok);SST: APR Supervisão: Aguardando revisão de arquivos.;Sim;;-;CT DUTRA;RUA JOAO RANIERI
41;00900/24;900/24;#176;ABERTO;Planos Gerais;Planos de Contingência e PAE GERAL;-;-;13/07/2026;Outros;-;Em análise;;Não informado;;Não informado;-;Não informado;-;Não informado;-;2;-;;-;Não;;-;PLANOS DE CONTINGENCIA E PAE GERAL;-
42;00268/24;268/24;#421;FECHADO;Mapeamento de Interferências;CT Centenário;PV 7 ao PV 11;Rua Cocho Velho / Rua Nova Timboteva;14/07/2026;Gian;Consta em Protocolo;Com objeção;;Não informado;NÃO OBJETADO;Sem objeção;NÃO OBJETADO;Sem objeção;OBJETADO;Com objeção;-;1;23/07/2026;;Falta o Projeto Aprovado, demais arquivos estão ok. Aprovado no #456.;Sim;456;-;CT CENTENARIO;RUA COCHO VELHO / RUA NOVA TIMBOTEVA
43;00268/24;268/24;#423;FECHADO;Planos Gerais;Planos de Comunicação e PAE GERAL;-;-;14/07/2026;Outros;-;Sem objeção;;Não informado;NÃO OBJETADO;Sem objeção;-;Não informado;-;Não informado;-;1;23/07/2026;;-;Não;;-;PLANOS DE COMUNICACAO E PAE GERAL;-
44;00268/24;268/24;#431;-;Planos Gerais;Planos de Contigência e PAE GERAL;-;-;16/07/2026;Outros;-;Não informado;;Não informado;;Não informado;-;Não informado;-;Não informado;-;1;28/07/2026;;-;Não;;-;PLANOS DE CONTIGENCIA E PAE GERAL;-
45;00797/24;797/24;#188;ABERTO;Mapeamento de Interferências;CT Aracília;PV-13.7 ao PV-14;Rua Urucuí;16/07/2026;Gian;Respondido;Com objeção;;Não informado;NÃO OBJETADO;Sem objeção;OBJETADO;Com objeção;OBJETADO;Com objeção;-;1;28/07/2026;;Ajustar APR, Cadastro Comgás incompleto, Projeto de cavas-testemunho (Plano de Furo), Mapeamento, Projeto Executivo ou nome do trecho incorreto e Autorização próxima ao vencimento.;Sim;;-;CT ARACILIA;RUA URUCUI
46;00797/24;797/24;#191;ABERTO;Mapeamento de Interferências;CT Aracília;PV-10.3 ao PV-10;Rua Picos / Av Ladslau Kardos;16/07/2026;Gian;Protocolo de saída, acionar a qualidade;Com objeção;;Não informado;NÃO OBJETADO;Sem objeção;OBJETADO;Com objeção;OBJETADO;Com objeção;-;1;28/07/2026;;SST: Ajustar APR Supervisão: Cadastro Comgás incompleto, Projeto de cavas-testemunho (Plano de Furo), Mapeamento, Projeto de Cavas, de Escoramento e Autorização próxima ao vencimento.;Sim;;-;CT ARACILIA;RUA PICOS / AV LADSLAU KARDOS
47;03179/23;3179/23;Não inserido no ACC;FECHADO;Mapeamento de Interferências;CT Cristais 1;Ñ informado;;;Rodrigo;Respondido;Com objeção;;Não informado;NÃO OBJETADO;Sem objeção;-;Não informado;OBJETADO;Com objeção;;;-;;-;Não;;-;CT CRISTAIS 1;
48;00797/24;797/24;#193;ABERTO;Mapeamento de Interferências;Revisão - IN Estrada dos Vados 02;PV 04 AO PV 04.2;Estrada Velha Guarulhos Arujá 71 ~ 327;17/07/2026;Norte 2;Gestão Documental;Em análise;;Não informado;NÃO OBJETADO;Sem objeção;-;Não informado;-;Não informado;-;1;28/07/2026;;-;Não;;-;REVISAO - IN ESTRADA DOS VADOS 02;ESTRADA VELHA GUARULHOS ARUJA 71 ~ 327
49;01151/21;1151/21;Não inserido no ACC;FECHADO;Liberação de Frente;CTS 2;PV-02 AO PV-07;Alameda Josefina Leme Zamataro;-;Gian;Aprovado;Sem objeção;;Não informado;;Não informado;NÃO HÁ ARQUIVOS PARA SST AVALIAR NESTA ETAPA;Não se aplica;NÃO OBJETADO, COM RESSALVAS;Sem objeção;-;;-;;Liberação de frente aprovada pela supervisão, aguardando próximos passos junto à equipe do Graco.;Sim;;-;CTS 2;ALAMEDA JOSEFINA LEME ZAMATARO
50;01151/21;1151/21;Não inserido no ACC;FECHADO;Mapeamento de Interferências;CTS 2;PV-09 AO PV-13;Avenida Caetano Zamataro;-;Gian;Aprovado;Sem objeção;;Não informado;;Não informado;NÃO OBJETADO;Sem objeção;NÃO OBJETADO;Sem objeção;-;1;-;;Mapeamento e abertura de cavas-testemunho aprovada pela supervisão.;Sim;;-;CTS 2;AVENIDA CAETANO ZAMATARO
51;00268/24;268/24;#456;ABERTO;Mapeamento de Interferências;CT Centenário;PV-7 ao PV-11;Rua Cocho Velho até a esquina com a Rua Nova Timboteva;27/07/2026;Gian;Aprovado;Em análise;;Não informado;NÃO OBJETADO;Sem objeção;NÃO HÁ ARQUIVOS PARA SST AVALIAR NESTA ETAPA;Não se aplica;NÃO OBJETADO;Sem objeção;-;1;07/08/2026;Calibração de gás (ok) Projeto Aprovado (ok) Carta (ok);Arquivos objetados no fluxo #421 estão ok.;Sim;421;-;CT CENTENARIO;RUA COCHO VELHO ATE A ESQUINA COM A RUA NOVA TIMBOTEVA
52;00268/24;268/24;#458;ABERTO;Mapeamento de Interferências;CT Centenário;PV-03 ao PV-03.1;Av Venturosa x Rua Silvio Manfredi;29/07/2026;Gian;Aprovado;Em análise;;Não informado;NÃO OBJETADO;Sem objeção;JÁ APROVADO ANTERIORMENTE;Sem objeção;NÃO OBJETADO;Sem objeção;-;1;-;;Arquivos objetados no fluxo #365 foram revisados e aprovados pela Supervisão.;Sim;365;-;CT CENTENARIO;AV VENTUROSA X RUA SILVIO MANFREDI
53;00272/24;272/24;#255;ABERTO;Mapeamento de Interferências;EEE Carlópolis;-;Viela Marabá;27/07/2026;Norte 2;Iniciador para a inclusão de arquivos;Com objeção;OBJETADO;Com objeção;NÃO OBJETADO;Sem objeção;-;Não informado;-;Não informado;-;2;-;;-;Não;;-;EEE CARLOPOLIS;VIELA MARABA
54;00274/24;274/24;#369;ABERTO;Planos Gerais;Plano de Comunicação e PAE GERAL;-;-;17/07/2026;Outros;Gestão Documental;Em análise;;Não informado;;Não informado;-;Não informado;-;Não informado;-;1;-;;-;Não;;-;PLANO DE COMUNICACAO E PAE GERAL;-
55;00274/24;274/24;#371;ABERTO;Mapeamento de Interferências;Documentos revisados INT Complementar 220;PV-01 ao PV-05;Av Sargento da Aeronáutica Plínio F. Gonçalves;17/07/2026;Gian;Em análise;Em análise;;Não informado;;Não informado;EM ANÁLISE;Em análise;EM ANÁLISE;Em análise;-;3;10/08/2026;;-;Não;346;-;DOCUMENTOS REVISADOS INT COMPLEMENTAR 220;AV SARGENTO DA AERONAUTICA PLINIO F. GONCALVES
56;00274/24;274/24;#373;ABERTO;Mapeamento de Interferências;Documentos revisados Arsesp CT S João;PV-06A;Av Brasil 382 (Praça);22/07/2026;Norte 2;Gestão Documental;Em análise;;Não informado;;Não informado;-;Não informado;-;Não informado;-;1;-;;-;Não;;-;DOCUMENTOS REVISADOS ARSESP CT S JOAO;AV BRASIL 382 (PRACA)
57;00274/24;274/24;#375;ABERTO;Mapeamento de Interferências;Documentos revisados Arsesp CT S João;PV-21 ao PV-44;Estrada Guarulhos Nazaré;22/07/2026;Norte 2;Gestão Documental;Em análise;;Não informado;;Não informado;-;Não informado;-;Não informado;-;1;-;;-;Não;;-;DOCUMENTOS REVISADOS ARSESP CT S JOAO;ESTRADA GUARULHOS NAZARE
58;00274/24;274/24;#377;ABERTO;Mapeamento de Interferências;Documentos revisados Arsesp CT S João;PV-08 ao PV-09;Av Papa João Paulo I 928;22/07/2026;Norte 2;Gestão Documental;Em análise;;Não informado;;Não informado;-;Não informado;-;Não informado;-;1;-;;-;Não;;-;DOCUMENTOS REVISADOS ARSESP CT S JOAO;AV PAPA JOAO PAULO I 928
59;00274/24;274/24;#379;ABERTO;Mapeamento de Interferências;Documentos revisados Arsesp IN Estados Unidos;PV-E ao PV-05 CT SJ;Av Estados Unidos 38;23/07/2026;Norte 2;Gestão Documental;Em análise;;Não informado;;Não informado;-;Não informado;-;Não informado;-;1;-;;-;Não;;-;DOCUMENTOS REVISADOS ARSESP IN ESTADOS UNIDOS;AV ESTADOS UNIDOS 38
60;00797/24;797/24;#198;ABERTO;Mapeamento de Interferências;CT Aracília;PV-10 ao PV-11;Av Nossa Senhora de Fátima 180 ~ 332;21/07/2026;Gian;Aprovado, mas depende de outros fluxos;Em análise;;Não informado;;Não informado;NÃO HÁ ARQUIVOS PARA SST AVALIAR NESTA ETAPA;Não se aplica;NÃO OBJETADO;Sem objeção;-;1;30/07/2026;Plano de Furo (ok) Carta;Plano de Furo (ok);Sim;161 e 206;-;CT ARACILIA;AV NOSSA SENHORA DE FATIMA 180 ~ 332
61;00797/24;797/24;#199;ABERTO;Mapeamento de Interferências;CT Aracília;PV-11 ao PV-12;Av Nossa Senhora de Fátima;21/07/2026;Norte 2;Gestão Documental;Em análise;;Não informado;;Não informado;-;Não informado;-;Não informado;-;1;-;;-;Não;;-;CT ARACILIA;AV NOSSA SENHORA DE FATIMA
62;00797/24;797/24;#203;ABERTO;Mapeamento de Interferências;CT Dutra;PV-13.7 ao PV-13.22;Av Amâncio Gaioli;22/07/2026;Norte 2;Gestão Documental;Em análise;;Não informado;;Não informado;-;Não informado;-;Não informado;-;1;-;;-;Não;;-;CT DUTRA;AV AMANCIO GAIOLI
63;00797/24;797/24;#206;ABERTO;Mapeamento de Interferências;CT Aracília;PV-10 ao PV-11;Av Nossa Senhora de Fátima 180 ~ 332;23/07/2026;Gian;Análise pela SST;Em análise;;Não informado;;Não informado;EM ANÁLISE;Em análise;NÃO OBJETADO;Sem objeção;-;3;-;Relatório de Mapeamento (N/A) APR (x) PAE específico (ok) Plano de Contingência (ok) Projeto de Escoramento (ok) Carta (ok) Projeto Executivo (ok);SST: APR Supervisão - ok;Sim;161 e 198;-;CT ARACILIA;AV NOSSA SENHORA DE FATIMA 180 ~ 332
64;00797/24;797/24;#208;ABERTO;Mapeamento de Interferências;CT Aracília;PV-11 ao PV-12;Av Nossa Senhora de Fátima 180 ~ 276;23/07/2026;Norte 2;Gestão Documental;Em análise;;Não informado;;Não informado;-;Não informado;-;Não informado;-;1;-;;-;Não;199;-;CT ARACILIA;AV NOSSA SENHORA DE FATIMA 180 ~ 276
65;00797/24;797/24;#210;ABERTO;Mapeamento de Interferências;CT Aracília;PV-12 ao PV-13;Av Nossa Senhora de Fátima 93 ~ 180;23/07/2026;Norte 2;Gestão Documental;Em análise;;Não informado;;Não informado;-;Não informado;-;Não informado;-;1;-;;-;Não;;-;CT ARACILIA;AV NOSSA SENHORA DE FATIMA 93 ~ 180
66;00797/24;797/24;#211;ABERTO;Mapeamento de Interferências;CT Aracília;PV-13 ao PV-14;Av Nossa Senhora de Fátima, do nº 208 até a Rua Padre Agostinho;24/07/2026;Gian;Em Protocolo;Em análise;;Não informado;;Não informado;EM ANÁLISE;Em análise;NÃO OBJETADO;Sem objeção;-;1;-;APR (x) Protocolo/Solicitação Comgás (ok) Cadastro Comgás (ok) Projeto Aprovado (ok) Projeto de Cavas - Locação e Sinalização (ok) Mapeamento de Interferências (ok) Autorização PMG (vencerá em 31/07, prorrogação efetuada pela contratada);-;Não;;-;CT ARACILIA;AV NOSSA SENHORA DE FATIMA, DO Nº 208 ATE A RUA PADRE AGOSTINHO
67;00797/24;797/24;#214;ABERTO;Mapeamento de Interferências;CT Bonsucesso;PV-02 ao PV-03;Rua Felício Antônio Alves (travessia pelo Rio Baquirivu);24/07/2026;Norte 2;Gestão Documental;Em análise;;Não informado;;Não informado;-;Não informado;-;Não informado;-;1;-;;-;Não;;-;CT BONSUCESSO;RUA FELICIO ANTONIO ALVES (TRAVESSIA PELO RIO BAQUIRIVU)
68;00797/24;797/24;#216;ABERTO;Mapeamento de Interferências;PAE GERAL;-;-;24/07/2026;Outros;Gestão Documental;Em análise;;Não informado;;Não informado;-;Não informado;-;Não informado;-;1;-;;-;Não;;-;PAE GERAL;-
69;00797/24;797/24;#217;ABERTO;Mapeamento de Interferências;CT Dutra;PV-09 ao PV-02;Rua João Ranieri;29/07/2026;Norte 2;Gestão Documental;Em análise;;Não informado;;Não informado;-;Não informado;-;Não informado;-;1;-;;-;Não;;-;CT DUTRA;RUA JOAO RANIERI
