codigo;status;contrato;unidade;nome_checklist;tipo_checklist;autor;data_inicial;data_final;data_sincronizacao;data_aprovacao;coordenada;lat;lon;COORD_N_UTM;COORD_E_UTM;EPSG_UTM;STATUS_COORDENADA;data_referencia;data_atualizacao;d_1;data_inicial2;horario_inicial;data_final2;horario_final;tempo_finalizar;tempo_aprovacao
211813673;Concluído;00268/24;00268/24 - Alto Cocho Velho - Pct 10C;00268/24 - RTS-01.1.001 - Gestão de Segurança e Saúde no Trabalho;RTS-01.1.001 - Gestão de Segurança e Saúde no Trabalho;Paulo da Silva Maximiano;30/07/2026 17:13:32;30/07/2026 17:36:45;30/07/2026 17:36:50;30/07/2026 17:13:33;-23.4446755,-46.4297332;-23.4446755;-46.4297332;7406528.310;353952.679;EPSG:31983;OK;30/07/2026;31/07/2026;SIM;30/07/2026;17;30/07/2026;17;0;0
211805841;Em Análise;00900/24;00900/24 - MD do Alto Baquirivu-Guaçu - Pct 19;00900/24 - FV-07.1.002 - Poço de visita e serviço;FV-07.1.002 - Poço de visita e serviço;Yago Kalil Camargo;30/07/2026 16:30:29;30/07/2026 16:39:42;30/07/2026 16:39:50;0;-23.4038572,-46.3701288;-23.4038572;-46.3701288;7411107.226;359999.114;EPSG:31983;OK;30/07/2026;31/07/2026;SIM;30/07/2026;16;30/07/2026;16;0;0
211803687;Em Análise;00797/24;00797/24 - ME do Alto Baquirivu-Guaçu - Pct 20;00797/24 - FV-08.1.003 - Vala a céu aberto;FV-08.1.003 - Vala a céu aberto;Claudio Antônio Fernandes da Silva;30/07/2026 16:21:58;30/07/2026 16:46:49;30/07/2026 16:46:55;0;-23.3981333,-46.3179933;-23.3981333;-46.3179933;7411790.662;365321.231;EPSG:31983;OK;30/07/2026;31/07/2026;SIM;30/07/2026;16;30/07/2026;16;0;0
211801777;Concluído;00268/24;00268/24 - Alto Cocho Velho - Pct 10C;00268/24 - RTS-01.1.001 - Gestão de Segurança e Saúde no Trabalho;RTS-01.1.001 - Gestão de Segurança e Saúde no Trabalho;Paulo da Silva Maximiano;30/07/2026 16:14:34;30/07/2026 20:17:24;30/07/2026 20:17:31;30/07/2026 16:14:34;-23.4380778,-46.5734983;-23.4380778;-46.5734983;7407105.712;339256.658;EPSG:31983;OK;30/07/2026;31/07/2026;SIM;30/07/2026;16;30/07/2026;20;0;0
211801467;Em Análise;00272/24;00272/24 - Médio Cocho Velho - Pct 10B;00272/24 - FV-07.1.002 - Poço de visita e serviço;FV-07.1.002 - Poço de visita e serviço;Arthur Roberto Argeri Jazra;30/07/2026 16:12:52;30/07/2026 16:44:22;30/07/2026 16:44:29;0;-23.4209997,-46.429145;-23.4209997;-46.429145;7409150.517;353986.763;EPSG:31983;OK;30/07/2026;31/07/2026;SIM;30/07/2026;16;30/07/2026;16;0;0
211799813;Em Análise;00277/24;00277/24 - Baquirivu - Tanquinho - Pct 15D;00277/24 - FV-07.1.002 - Poço de visita e serviço;FV-07.1.002 - Poço de visita e serviço;Osman Balbino da Silva Junior;30/07/2026 16:04:39;30/07/2026 16:19:46;30/07/2026 16:19:57;0;-23.4198746,-46.4908732;-23.4198746;-46.4908732;7409211.199;347677.852;EPSG:31983;OK;30/07/2026;31/07/2026;SIM;30/07/2026;16;30/07/2026;16;0;0
211798729;Em Análise;03179/23;03179/23 - SES Cajamar Jordanésia;03179/23 - FV-07.1.002 - Poço de visita e serviço;FV-07.1.002 - Poço de visita e serviço;Silas Freitas;30/07/2026 15:59:08;30/07/2026 16:03:08;30/07/2026 16:03:12;0;-23.3369482,-46.8403316;-23.3369482;-46.8403316;7417982.087;311849.029;EPSG:31983;OK;30/07/2026;31/07/2026;SIM;30/07/2026;15;30/07/2026;16;0;0
211797476;Em Análise;00900/24;00900/24 - MD do Alto Baquirivu-Guaçu - Pct 19;00900/24 - FV-07.1.002 - Poço de visita e serviço;FV-07.1.002 - Poço de visita e serviço;Yago Kalil Camargo;30/07/2026 15:52:36;30/07/2026 16:21:30;30/07/2026 16:21:36;0;-23.4071466,-46.3694453;-23.4071466;-46.3694453;7410743.663;360072.422;EPSG:31983;OK;30/07/2026;31/07/2026;SIM;30/07/2026;15;30/07/2026;16;0;0
211797295;Em Análise;00797/24;00797/24 - ME do Alto Baquirivu-Guaçu - Pct 20;00797/24 - FV-08.1.003 - Vala a céu aberto;FV-08.1.003 - Vala a céu aberto;Claudio Antônio Fernandes da Silva;30/07/2026 15:51:46;30/07/2026 16:10:47;30/07/2026 16:11:38;0;-23.4013262,-46.3144473;-23.4013262;-46.3144473;7411440.433;365686.843;EPSG:31983;OK;30/07/2026;31/07/2026;SIM;30/07/2026;15;30/07/2026;16;0;0
211797041;Em Análise;01151/21;01151/21 - Obras na TC-28 - Cabuçu de Cima;01151/21 - FV-07.1.002 - Poço de visita e serviço;FV-07.1.002 - Poço de visita e serviço;Ana Paula Lourenço Machado Souto;30/07/2026 15:50:38;30/07/2026 16:04:50;30/07/2026 16:04:56;0;-23.4528558,-46.5697492;-23.4528558;-46.5697492;7405473.457;339657.563;EPSG:31983;OK;30/07/2026;31/07/2026;SIM;30/07/2026;15;30/07/2026;16;0;0
211796232;Em Análise;01151/21;01151/21 - Obras na TC-28 - Cabuçu de Cima;01151/21 - FV-07.1.002 - Poço de visita e serviço;FV-07.1.002 - Poço de visita e serviço;Ana Paula Lourenço Machado Souto;30/07/2026 15:47:04;30/07/2026 15:50:23;30/07/2026 15:50:28;0;-23.4528589,-46.5697461;-23.4528589;-46.5697461;7405473.118;339657.883;EPSG:31983;OK;30/07/2026;31/07/2026;SIM;30/07/2026;15;30/07/2026;15;0;0
211795642;Em Análise;00272/24;00272/24 - Médio Cocho Velho - Pct 10B;00272/24 - FV-07.1.002 - Poço de visita e serviço;FV-07.1.002 - Poço de visita e serviço;Arthur Roberto Argeri Jazra;30/07/2026 15:44:04;30/07/2026 16:06:26;30/07/2026 16:06:33;0;-23.4198906,-46.4296917;-23.4198906;-46.4296917;7409272.772;353929.681;EPSG:31983;OK;30/07/2026;31/07/2026;SIM;30/07/2026;15;30/07/2026;16;0;0
211795484;Em Análise;01151/21;01151/21 - Obras na TC-28 - Cabuçu de Cima;01151/21 - FV-07.1.002 - Poço de visita e serviço;FV-07.1.002 - Poço de visita e serviço;Ana Paula Lourenço Machado Souto;30/07/2026 15:43:27;30/07/2026 15:46:55;30/07/2026 15:47:00;0;-23.4528573,-46.5697424;-23.4528573;-46.5697424;7405473.299;339658.259;EPSG:31983;OK;30/07/2026;31/07/2026;SIM;30/07/2026;15;30/07/2026;15;0;0
211792222;Concluído;00268/24;00268/24 - Alto Cocho Velho - Pct 10C;00268/24 - FV-07.1.002 - Poço de visita e serviço;FV-07.1.002 - Poço de visita e serviço;Wallace Francisco Ribeiro da Silva;30/07/2026 15:32:20;30/07/2026 15:49:25;30/07/2026 15:52:08;30/07/2026 17:04:49;-23.452382,-46.4172963;-23.452382;-46.4172963;7405687.537;355231.690;EPSG:31983;OK;30/07/2026;31/07/2026;SIM;30/07/2026;15;30/07/2026;15;0;0
211789984;Concluído;00268/24;00268/24 - Alto Cocho Velho - Pct 10C;00268/24 - FV-07.1.002 - Poço de visita e serviço;FV-07.1.002 - Poço de visita e serviço;Wallace Francisco Ribeiro da Silva;30/07/2026 15:22:31;30/07/2026 15:36:22;30/07/2026 15:36:27;30/07/2026 17:06:22;-23.4523732,-46.4172698;-23.4523732;-46.4172698;7405688.538;355234.387;EPSG:31983;OK;30/07/2026;31/07/2026;SIM;30/07/2026;15;30/07/2026;15;0;0
211787158;Concluído;03179/23;03179/23 - SES Cajamar Jordanésia;03179/23 - FV-07.1.002 - Poço de visita e serviço;FV-07.1.002 - Poço de visita e serviço;Silas Freitas;30/07/2026 15:12:25;30/07/2026 15:16:34;30/07/2026 15:16:39;30/07/2026 21:07:03;-23.3325815,-46.8313549;-23.3325815;-46.8313549;7418477.326;312760.877;EPSG:31983;OK;30/07/2026;31/07/2026;SIM;30/07/2026;15;30/07/2026;15;0;0
211786330;Concluído;00268/24;00268/24 - Alto Cocho Velho - Pct 10C;00268/24 - FV-23.1.002 - Mapeamento de Interferências - Comgás;FV-23.1.002 - Mapeamento de Interferências - Comgás;Wallace Francisco Ribeiro da Silva;30/07/2026 15:10:27;30/07/2026 16:10:34;30/07/2026 16:10:39;30/07/2026 17:02:14;-23.4523792,-46.4173066;-23.4523792;-46.4173066;7405687.837;355230.634;EPSG:31983;OK;30/07/2026;31/07/2026;SIM;30/07/2026;15;30/07/2026;16;0;0
211785404;Em Análise;00277/24;00277/24 - Baquirivu - Tanquinho - Pct 15D;00277/24 - FV-08.1.003 - Vala a céu aberto;FV-08.1.003 - Vala a céu aberto;Erivelton Leite dos Santos Silva;30/07/2026 14:45:04;30/07/2026 15:13:28;30/07/2026 15:43:46;0;0;;;;;;SEM COORDENADA;30/07/2026;31/07/2026;SIM;30/07/2026;14;30/07/2026;15;0;0
211784280;Concluído;00277/24;00277/24 - Baquirivu - Tanquinho - Pct 15D;00277/24 - FV-07.1.002 - Poço de visita e serviço;FV-07.1.002 - Poço de visita e serviço;Osman Balbino da Silva Junior;30/07/2026 15:03:31;30/07/2026 15:12:26;30/07/2026 15:12:32;30/07/2026 15:18:01;-23.4030071,-46.4645882;-23.4030071;-46.4645882;7411106.484;350344.816;EPSG:31983;OK;30/07/2026;31/07/2026;SIM;30/07/2026;15;30/07/2026;15;0;0
211784070;Em Análise;00272/24;00272/24 - Médio Cocho Velho - Pct 10B;00272/24 - FV-07.1.002 - Poço de visita e serviço;FV-07.1.002 - Poço de visita e serviço;Guilherme Soares Ribeiro;30/07/2026 15:02:21;30/07/2026 15:22:55;30/07/2026 15:23:02;0;-23.427384441647572,-46.49364616060373;-23.427384441647572;-46.49364616060373;7408376.688;347403.115;EPSG:31983;OK;30/07/2026;31/07/2026;SIM;30/07/2026;15;30/07/2026;15;0;0
211783975;Em Análise;00900/24;00900/24 - MD do Alto Baquirivu-Guaçu - Pct 19;00900/24 - FV-07.1.002 - Poço de visita e serviço;FV-07.1.002 - Poço de visita e serviço;Yago Kalil Camargo;30/07/2026 15:01:54;30/07/2026 15:08:41;30/07/2026 15:08:46;0;-23.4097338,-46.412135;-23.4097338;-46.412135;7410415.109;355712.668;EPSG:31983;OK;30/07/2026;31/07/2026;SIM;30/07/2026;15;30/07/2026;15;0;0
211783738;Concluído;00268/24;00268/24 - Alto Cocho Velho - Pct 10C;00268/24 - FV-23.1.002 - Mapeamento de Interferências - Comgás;FV-23.1.002 - Mapeamento de Interferências - Comgás;Wallace Francisco Ribeiro da Silva;30/07/2026 15:00:45;30/07/2026 16:03:53;30/07/2026 16:03:57;30/07/2026 17:04:03;-23.4523701,-46.4172097;-23.4523701;-46.4172097;7405688.942;355240.524;EPSG:31983;OK;30/07/2026;31/07/2026;SIM;30/07/2026;15;30/07/2026;16;0;0
211783380;Em Análise;00272/24;00272/24 - Médio Cocho Velho - Pct 10B;00272/24 - FV-07.1.002 - Poço de visita e serviço;FV-07.1.002 - Poço de visita e serviço;Arthur Roberto Argeri Jazra;30/07/2026 14:59:01;30/07/2026 15:29:29;30/07/2026 15:30:31;0;-23.4196704,-46.4294466;-23.4196704;-46.4294466;7409297.403;353954.484;EPSG:31983;OK;30/07/2026;31/07/2026;SIM;30/07/2026;14;30/07/2026;15;0;0
211782598;Em Análise;00900/24;00900/24 - MD do Alto Baquirivu-Guaçu - Pct 19;00900/24 - FV-07.1.002 - Poço de visita e serviço;FV-07.1.002 - Poço de visita e serviço;Yago Kalil Camargo;30/07/2026 14:56:27;30/07/2026 15:01:36;30/07/2026 15:01:42;0;-23.4098349,-46.4124521;-23.4098349;-46.4124521;7410403.597;355680.373;EPSG:31983;OK;30/07/2026;31/07/2026;SIM;30/07/2026;14;30/07/2026;15;0;0
211780952;Concluído;03179/23;03179/23 - SES Cajamar Jordanésia;03179/23 - FV-07.1.002 - Poço de visita e serviço;FV-07.1.002 - Poço de visita e serviço;Silas Freitas;30/07/2026 14:50:43;30/07/2026 15:08:53;30/07/2026 15:10:02;30/07/2026 21:05:31;-23.3324733,-46.8319317;-23.3324733;-46.8319317;7418488.561;312701.739;EPSG:31983;OK;30/07/2026;31/07/2026;SIM;30/07/2026;14;30/07/2026;15;0;0
211780723;Em Análise;00274/24;00274/24 - Baixo Cocho Velho - Pct 10A;00274/24 - FV-07.1.002 - Poço de visita e serviço;FV-07.1.002 - Poço de visita e serviço;Edmilson Ferreira Figueiredo;30/07/2026 14:49:45;30/07/2026 14:57:13;30/07/2026 15:01:54;0;-23.4374451,-46.4650801;-23.4374451;-46.4650801;7407292.635;350333.311;EPSG:31983;OK;30/07/2026;31/07/2026;SIM;30/07/2026;14;30/07/2026;14;0;0
211780687;Em Análise;00900/24;00900/24 - MD do Alto Baquirivu-Guaçu - Pct 19;00900/24 - FV-07.1.002 - Poço de visita e serviço;FV-07.1.002 - Poço de visita e serviço;Yago Kalil Camargo;30/07/2026 14:49:36;30/07/2026 14:55:25;30/07/2026 14:55:30;0;-23.4093755,-46.4114251;-23.4093755;-46.4114251;7410455.493;355784.825;EPSG:31983;OK;30/07/2026;31/07/2026;SIM;30/07/2026;14;30/07/2026;14;0;0
211780152;Em Análise;00797/24;00797/24 - ME do Alto Baquirivu-Guaçu - Pct 20;00797/24 - FV-07.1.002 - Poço de visita e serviço;FV-07.1.002 - Poço de visita e serviço;Claudio Antônio Fernandes da Silva;30/07/2026 14:44:40;30/07/2026 14:50:23;30/07/2026 15:52:03;0;-23.4173204,-46.373148;-23.4173204;-46.373148;7409613.546;359704.766;EPSG:31983;OK;30/07/2026;31/07/2026;SIM;30/07/2026;14;30/07/2026;14;0;0
211779163;Em Análise;00900/24;00900/24 - MD do Alto Baquirivu-Guaçu - Pct 19;00900/24 - FV-07.1.002 - Poço de visita e serviço;FV-07.1.002 - Poço de visita e serviço;Yago Kalil Camargo;30/07/2026 14:44:01;30/07/2026 14:49:22;30/07/2026 14:49:28;0;-23.4083285,-46.4114781;-23.4083285;-46.4114781;7410571.373;355778.274;EPSG:31983;OK;30/07/2026;31/07/2026;SIM;30/07/2026;14;30/07/2026;14;0;0
211778878;Em Análise;00797/24;00797/24 - ME do Alto Baquirivu-Guaçu - Pct 20;00797/24 - FV-07.1.002 - Poço de visita e serviço;FV-07.1.002 - Poço de visita e serviço;Claudio Antônio Fernandes da Silva;30/07/2026 14:40:32;30/07/2026 14:43:55;30/07/2026 15:52:14;0;-23.4183601,-46.3729209;-23.4183601;-46.3729209;7409498.644;359729.069;EPSG:31983;OK;30/07/2026;31/07/2026;SIM;30/07/2026;14;30/07/2026;14;0;0
211778679;Em Análise;00274/24;00274/24 - Baixo Cocho Velho - Pct 10A;00274/24 - FV-07.1.002 - Poço de visita e serviço;FV-07.1.002 - Poço de visita e serviço;Edmilson Ferreira Figueiredo;30/07/2026 14:41:35;30/07/2026 14:49:15;30/07/2026 15:01:56;0;-23.437451,-46.4650836;-23.437451;-46.4650836;7407291.978;350332.960;EPSG:31983;OK;30/07/2026;31/07/2026;SIM;30/07/2026;14;30/07/2026;14;0;0
211776878;Em Análise;00272/24;00272/24 - Médio Cocho Velho - Pct 10B;00272/24 - FV-07.1.002 - Poço de visita e serviço;FV-07.1.002 - Poço de visita e serviço;Arthur Roberto Argeri Jazra;30/07/2026 14:33:59;30/07/2026 14:44:56;30/07/2026 14:46:28;0;-23.4188554,-46.4299611;-23.4188554;-46.4299611;7409387.126;353901.015;EPSG:31983;OK;30/07/2026;31/07/2026;SIM;30/07/2026;14;30/07/2026;14;0;0
211776311;Em Análise;00274/24;00274/24 - Baixo Cocho Velho - Pct 10A;00274/24 - FV-07.1.002 - Poço de visita e serviço;FV-07.1.002 - Poço de visita e serviço;Edmilson Ferreira Figueiredo;30/07/2026 14:31:40;30/07/2026 14:41:30;30/07/2026 14:41:36;0;-23.4374617,-46.4651273;-23.4374617;-46.4651273;7407290.747;350328.507;EPSG:31983;OK;30/07/2026;31/07/2026;SIM;30/07/2026;14;30/07/2026;14;0;0
211775201;Em Análise;00797/24;00797/24 - ME do Alto Baquirivu-Guaçu - Pct 20;00797/24 - FV-07.1.002 - Poço de visita e serviço;FV-07.1.002 - Poço de visita e serviço;Claudio Antônio Fernandes da Silva;30/07/2026 14:28:07;30/07/2026 14:33:53;30/07/2026 14:35:06;0;-23.419101,-46.3727907;-23.419101;-46.3727907;7409416.733;359743.154;EPSG:31983;OK;30/07/2026;31/07/2026;SIM;30/07/2026;14;30/07/2026;14;0;0
211774987;Em Análise;00797/24;00797/24 - ME do Alto Baquirivu-Guaçu - Pct 20;00797/24 - FV-07.1.002 - Poço de visita e serviço;FV-07.1.002 - Poço de visita e serviço;José Marcos da Silva;30/07/2026 14:28:28;30/07/2026 16:33:57;30/07/2026 16:34:03;0;-23.4001865,-46.3564657;-23.4001865;-46.3564657;7411526.870;361391.578;EPSG:31983;OK;30/07/2026;31/07/2026;SIM;30/07/2026;14;30/07/2026;16;0;0
211774466;Concluído;00277/24;00277/24 - Baquirivu - Tanquinho - Pct 15D;00277/24 - FV-08.1.003 - Vala a céu aberto;FV-08.1.003 - Vala a céu aberto;Osman Balbino da Silva Junior;30/07/2026 14:26:02;30/07/2026 14:48:17;30/07/2026 14:48:23;30/07/2026 15:18:18;-23.4019833,-46.4568466;-23.4019833;-46.4568466;7411227.863;351134.844;EPSG:31983;OK;30/07/2026;31/07/2026;SIM;30/07/2026;14;30/07/2026;14;0;0
211773726;Em Análise;00797/24;00797/24 - ME do Alto Baquirivu-Guaçu - Pct 20;00797/24 - FV-07.1.002 - Poço de visita e serviço;FV-07.1.002 - Poço de visita e serviço;Claudio Antônio Fernandes da Silva;30/07/2026 14:22:18;30/07/2026 14:26:28;30/07/2026 14:26:40;0;-23.4203066,-46.3732271;-23.4203066;-46.3732271;7409282.815;359699.834;EPSG:31983;OK;30/07/2026;31/07/2026;SIM;30/07/2026;14;30/07/2026;14;0;0
211770828;Em Análise;00797/24;00797/24 - ME do Alto Baquirivu-Guaçu - Pct 20;00797/24 - FV-07.1.002 - Poço de visita e serviço;FV-07.1.002 - Poço de visita e serviço;Claudio Antônio Fernandes da Silva;30/07/2026 14:10:12;30/07/2026 14:22:12;30/07/2026 14:22:21;0;-23.4205639,-46.3738225;-23.4205639;-46.3738225;7409253.745;359639.267;EPSG:31983;OK;30/07/2026;31/07/2026;SIM;30/07/2026;14;30/07/2026;14;0;0
211769579;Em Análise;00274/24;00274/24 - Baixo Cocho Velho - Pct 10A;00274/24 - FV-07.1.002 - Poço de visita e serviço;FV-07.1.002 - Poço de visita e serviço;Edmilson Ferreira Figueiredo;30/07/2026 14:05:05;30/07/2026 14:12:46;30/07/2026 14:29:47;0;-23.4380487,-46.4668886;-23.4380487;-46.4668886;7407223.917;350149.215;EPSG:31983;OK;30/07/2026;31/07/2026;SIM;30/07/2026;14;30/07/2026;14;0;0
211768948;Em Análise;00272/24;00272/24 - Médio Cocho Velho - Pct 10B;00272/24 - FV-07.1.002 - Poço de visita e serviço;FV-07.1.002 - Poço de visita e serviço;Guilherme Soares Ribeiro;30/07/2026 14:02:28;30/07/2026 14:06:58;30/07/2026 15:56:37;0;-23.45382,-46.4829242;-23.45382;-46.4829242;7405460.758;348528.827;EPSG:31983;OK;30/07/2026;31/07/2026;SIM;30/07/2026;14;30/07/2026;14;0;0
211768655;Concluído;01151/21;01151/21 - Obras na TC-28 - Cabuçu de Cima;01151/21 - FV-07.1.002 - Poço de visita e serviço;FV-07.1.002 - Poço de visita e serviço;Ana Paula Lourenço Machado Souto;30/07/2026 14:01:24;30/07/2026 14:15:26;30/07/2026 14:15:42;30/07/2026 14:39:00;-23.4411024,-46.5668173;-23.4411024;-46.5668173;7406778.228;339942.929;EPSG:31983;OK;30/07/2026;31/07/2026;SIM;30/07/2026;14;30/07/2026;14;0;0
211768022;Concluído;00268/24;00268/24 - Alto Cocho Velho - Pct 10C;00268/24 - FV-07.1.002 - Poço de visita e serviço;FV-07.1.002 - Poço de visita e serviço;Wallace Francisco Ribeiro da Silva;30/07/2026 13:58:36;30/07/2026 14:55:52;30/07/2026 14:55:57;30/07/2026 17:08:03;-23.4523627,-46.4155797;-23.4523627;-46.4155797;7405691.400;355407.034;EPSG:31983;OK;30/07/2026;31/07/2026;SIM;30/07/2026;13;30/07/2026;14;0;0
211768004;Concluído;00277/24;00277/24 - Baquirivu - Tanquinho - Pct 15D;00277/24 - FV-07.1.002 - Poço de visita e serviço;FV-07.1.002 - Poço de visita e serviço;Osman Balbino da Silva Junior;30/07/2026 13:58:30;30/07/2026 14:06:02;30/07/2026 14:12:35;30/07/2026 15:18:36;-23.4170735,-46.4569169;-23.4170735;-46.4569169;7409556.850;351144.544;EPSG:31983;OK;30/07/2026;31/07/2026;SIM;30/07/2026;13;30/07/2026;14;0;0
211767444;Em Análise;00797/24;00797/24 - ME do Alto Baquirivu-Guaçu - Pct 20;00797/24 - FV-07.1.002 - Poço de visita e serviço;FV-07.1.002 - Poço de visita e serviço;Claudio Antônio Fernandes da Silva;30/07/2026 13:56:16;30/07/2026 14:07:30;30/07/2026 14:07:36;0;-23.4207966,-46.3749325;-23.4207966;-46.3749325;7409226.897;359526.091;EPSG:31983;OK;30/07/2026;31/07/2026;SIM;30/07/2026;13;30/07/2026;14;0;0
211767084;Em Análise;00272/24;00272/24 - Médio Cocho Velho - Pct 10B;00272/24 - FV-07.1.002 - Poço de visita e serviço;FV-07.1.002 - Poço de visita e serviço;Guilherme Soares Ribeiro;30/07/2026 13:54:31;30/07/2026 13:59:14;30/07/2026 14:03:26;0;-23.4538501,-46.4828884;-23.4538501;-46.4828884;7405457.462;348532.519;EPSG:31983;OK;30/07/2026;31/07/2026;SIM;30/07/2026;13;30/07/2026;13;0;0
211766285;Em Análise;00272/24;00272/24 - Médio Cocho Velho - Pct 10B;00272/24 - FV-07.1.002 - Poço de visita e serviço;FV-07.1.002 - Poço de visita e serviço;Arthur Roberto Argeri Jazra;30/07/2026 13:50:45;30/07/2026 14:26:41;30/07/2026 14:27:01;0;-23.4175348,-46.4301077;-23.4175348;-46.4301077;7409533.207;353884.584;EPSG:31983;OK;30/07/2026;31/07/2026;SIM;30/07/2026;13;30/07/2026;14;0;0
211765955;Concluído;00268/24;00268/24 - Alto Cocho Velho - Pct 10C;00268/24 - FV-07.1.002 - Poço de visita e serviço;FV-07.1.002 - Poço de visita e serviço;Adelson de Almeida;30/07/2026 13:49:05;30/07/2026 14:03:18;30/07/2026 14:23:11;30/07/2026 17:08:55;-23.45224,-46.4168079;-23.45224;-46.4168079;7405703.752;355281.429;EPSG:31983;OK;30/07/2026;31/07/2026;SIM;30/07/2026;13;30/07/2026;14;0;0
211765802;Concluído;01151/21;01151/21 - Obras na TC-28 - Cabuçu de Cima;01151/21 - FV-06.1.002 - NATM;FV-06.1.002 - NATM;Ana Paula Lourenço Machado Souto;30/07/2026 13:48:24;30/07/2026 14:00:52;30/07/2026 14:00:57;30/07/2026 14:31:40;-23.441119,-46.5668255;-23.441119;-46.5668255;7406776.381;339942.111;EPSG:31983;OK;30/07/2026;31/07/2026;SIM;30/07/2026;13;30/07/2026;14;0;0
211764072;Em Análise;00274/24;00274/24 - Baixo Cocho Velho - Pct 10A;00274/24 - FV-07.1.002 - Poço de visita e serviço;FV-07.1.002 - Poço de visita e serviço;Edmilson Ferreira Figueiredo;30/07/2026 13:40:47;30/07/2026 13:58:03;30/07/2026 13:58:20;0;-23.4380047,-46.4668923;-23.4380047;-46.4668923;7407228.785;350148.787;EPSG:31983;OK;30/07/2026;31/07/2026;SIM;30/07/2026;13;30/07/2026;13;0;0
211764002;Concluído;00268/24;00268/24 - Alto Cocho Velho - Pct 10C;00268/24 - FV-07.1.002 - Poço de visita e serviço;FV-07.1.002 - Poço de visita e serviço;Wallace Francisco Ribeiro da Silva;30/07/2026 13:40:27;30/07/2026 13:47:43;30/07/2026 13:47:48;30/07/2026 14:00:47;-23.4524132,-46.4154682;-23.4524132;-46.4154682;7405685.920;355418.479;EPSG:31983;OK;30/07/2026;31/07/2026;SIM;30/07/2026;13;30/07/2026;13;0;0
211763534;Em Análise;00272/24;00272/24 - Médio Cocho Velho - Pct 10B;00272/24 - FV-07.1.002 - Poço de visita e serviço;FV-07.1.002 - Poço de visita e serviço;Guilherme Soares Ribeiro;30/07/2026 13:37:51;30/07/2026 13:45:46;30/07/2026 13:45:52;0;-23.4533876,-46.4833205;-23.4533876;-46.4833205;7405508.221;348487.848;EPSG:31983;OK;30/07/2026;31/07/2026;SIM;30/07/2026;13;30/07/2026;13;0;0
211762140;Em Análise;00272/24;00272/24 - Médio Cocho Velho - Pct 10B;00272/24 - FV-07.1.002 - Poço de visita e serviço;FV-07.1.002 - Poço de visita e serviço;Guilherme Soares Ribeiro;30/07/2026 13:30:07;30/07/2026 13:37:41;30/07/2026 13:37:46;0;-23.4533881,-46.4833196;-23.4533881;-46.4833196;7405508.166;348487.941;EPSG:31983;OK;30/07/2026;31/07/2026;SIM;30/07/2026;13;30/07/2026;13;0;0
211761736;Em Análise;00274/24;00274/24 - Baixo Cocho Velho - Pct 10A;00274/24 - FV-07.1.002 - Poço de visita e serviço;FV-07.1.002 - Poço de visita e serviço;Edmilson Ferreira Figueiredo;30/07/2026 13:27:34;30/07/2026 13:38:32;30/07/2026 13:42:48;0;-23.4380248,-46.4668849;-23.4380248;-46.4668849;7407226.567;350149.566;EPSG:31983;OK;30/07/2026;31/07/2026;SIM;30/07/2026;13;30/07/2026;13;0;0
211761613;Concluído;01151/21;01151/21 - Obras na TC-28 - Cabuçu de Cima;01151/21 - FV-07.1.002 - Poço de visita e serviço;FV-07.1.002 - Poço de visita e serviço;Ana Paula Lourenço Machado Souto;30/07/2026 13:26:48;30/07/2026 13:33:36;30/07/2026 13:33:40;30/07/2026 14:25:42;-23.4599442,-46.5695991;-23.4599442;-46.5695991;7404688.693;339681.459;EPSG:31983;OK;30/07/2026;31/07/2026;SIM;30/07/2026;13;30/07/2026;13;0;0
211760611;Concluído;00268/24;00268/24 - Alto Cocho Velho - Pct 10C;00268/24 - RTS-01.1.001 - Gestão de Segurança e Saúde no Trabalho;RTS-01.1.001 - Gestão de Segurança e Saúde no Trabalho;Paulo da Silva Maximiano;30/07/2026 13:20:36;30/07/2026 20:32:18;30/07/2026 20:32:24;30/07/2026 13:20:37;-23.43817,-46.5735393;-23.43817;-46.5735393;7407095.457;339252.581;EPSG:31983;OK;30/07/2026;31/07/2026;SIM;30/07/2026;13;30/07/2026;20;0;0
211760476;Em Análise;00277/24;00277/24 - Baquirivu - Tanquinho - Pct 15D;00277/24 - FV-08.1.003 - Vala a céu aberto;FV-08.1.003 - Vala a céu aberto;Erivelton Leite dos Santos Silva;30/07/2026 13:19:42;30/07/2026 13:53:31;30/07/2026 15:42:53;0;0;;;;;;SEM COORDENADA;30/07/2026;31/07/2026;SIM;30/07/2026;13;30/07/2026;13;0;0
211760459;Concluído;00268/24;00268/24 - Alto Cocho Velho - Pct 10C;00268/24 - FV-23.1.002 - Mapeamento de Interferências - Comgás;FV-23.1.002 - Mapeamento de Interferências - Comgás;Adelson de Almeida;30/07/2026 13:19:38;30/07/2026 15:43:03;30/07/2026 15:43:09;30/07/2026 17:05:30;-23.4525089,-46.417158;-23.4525089;-46.417158;7405673.625;355245.957;EPSG:31983;OK;30/07/2026;31/07/2026;SIM;30/07/2026;13;30/07/2026;15;0;0
211759284;Concluído;00268/24;00268/24 - Alto Cocho Velho - Pct 10C;00268/24 - FV-23.1.002 - Mapeamento de Interferências - Comgás;FV-23.1.002 - Mapeamento de Interferências - Comgás;Adelson de Almeida;30/07/2026 13:11:48;30/07/2026 16:08:57;30/07/2026 16:09:04;30/07/2026 17:03:16;-23.4524831,-46.4172144;-23.4524831;-46.4172144;7405676.425;355240.167;EPSG:31983;OK;30/07/2026;31/07/2026;SIM;30/07/2026;13;30/07/2026;16;0;0
211749173;Concluído;01151/21;01151/21 - Obras na TC-28 - Cabuçu de Cima;01151/21 - FV-07.1.002 - Poço de visita e serviço;FV-07.1.002 - Poço de visita e serviço;Ana Paula Lourenço Machado Souto;30/07/2026 11:59:09;30/07/2026 12:05:46;30/07/2026 12:05:51;30/07/2026 14:23:17;-23.4403971,-46.5660776;-23.4403971;-46.5660776;7406857.151;340017.656;EPSG:31983;OK;30/07/2026;31/07/2026;SIM;30/07/2026;11;30/07/2026;12;0;0
211748302;Concluído;01151/21;01151/21 - Obras na TC-28 - Cabuçu de Cima;01151/21 - FV-07.1.002 - Poço de visita e serviço;FV-07.1.002 - Poço de visita e serviço;Ana Paula Lourenço Machado Souto;30/07/2026 11:53:41;30/07/2026 11:58:33;30/07/2026 11:58:38;30/07/2026 13:23:48;-23.4350065,-46.5671737;-23.4350065;-46.5671737;7407452.857;339899.169;EPSG:31983;OK;30/07/2026;31/07/2026;SIM;30/07/2026;11;30/07/2026;11;0;0
211747331;Em Análise;00900/24;00900/24 - MD do Alto Baquirivu-Guaçu - Pct 19;00900/24 - FV-07.1.002 - Poço de visita e serviço;FV-07.1.002 - Poço de visita e serviço;Cláudio Vinicius Teixeira;30/07/2026 11:48:05;30/07/2026 11:52:32;30/07/2026 11:52:38;0;-23.405752488207863,-46.36898904948176;-23.405752488207863;-46.36898904948176;7410898.472;360117.582;EPSG:31983;OK;30/07/2026;31/07/2026;SIM;30/07/2026;11;30/07/2026;11;0;-1
211747066;Em Análise;00900/24;00900/24 - MD do Alto Baquirivu-Guaçu - Pct 19;00900/24 - FV-07.1.002 - Poço de visita e serviço;FV-07.1.002 - Poço de visita e serviço;Yago Kalil Camargo;30/07/2026 11:46:20;30/07/2026 11:59:44;30/07/2026 11:59:50;0;-23.406222,-46.3695572;-23.406222;-46.3695572;7410845.933;360060.015;EPSG:31983;OK;30/07/2026;31/07/2026;SIM;30/07/2026;11;30/07/2026;11;0;-1
211745855;Concluído;00277/24;00277/24 - Baquirivu - Tanquinho - Pct 15D;00277/24 - FV-08.1.003 - Vala a céu aberto;FV-08.1.003 - Vala a céu aberto;Erivelton Leite dos Santos Silva;30/07/2026 10:32:08;30/07/2026 11:52:05;30/07/2026 13:19:24;30/07/2026 15:18:52;-23.4187354,-46.3081997;-23.4187354;-46.3081997;7409518.598;366342.803;EPSG:31983;OK;30/07/2026;31/07/2026;SIM;30/07/2026;10;30/07/2026;11;0;0
211744557;Concluído;00268/24;00268/24 - Alto Cocho Velho - Pct 10C;00268/24 - RTS-01.1.001 - Gestão de Segurança e Saúde no Trabalho;RTS-01.1.001 - Gestão de Segurança e Saúde no Trabalho;Ana Paula da Silva Dias;30/07/2026 11:31:13;30/07/2026 17:04:52;30/07/2026 17:05:01;30/07/2026 11:31:14;-23.5018594,-46.4587362;-23.5018594;-46.4587362;7400166.554;351053.813;EPSG:31983;OK;30/07/2026;31/07/2026;SIM;30/07/2026;11;30/07/2026;17;0;0
211744546;Concluído;01151/21;01151/21 - Obras na TC-28 - Cabuçu de Cima;01151/21 - FV-07.1.002 - Poço de visita e serviço;FV-07.1.002 - Poço de visita e serviço;Ana Paula Lourenço Machado Souto;30/07/2026 11:31:09;30/07/2026 11:34:41;30/07/2026 11:34:46;30/07/2026 13:20:44;-23.4330052,-46.5692984;-23.4330052;-46.5692984;7407672.106;339679.660;EPSG:31983;OK;30/07/2026;31/07/2026;SIM;30/07/2026;11;30/07/2026;11;0;0
211743697;Concluído;00268/24;00268/24 - Alto Cocho Velho - Pct 10C;00268/24 - FV-07.1.002 - Poço de visita e serviço;FV-07.1.002 - Poço de visita e serviço;Wallace Francisco Ribeiro da Silva;30/07/2026 11:26:35;30/07/2026 12:16:00;30/07/2026 13:56:51;30/07/2026 14:01:25;-23.4444243,-46.4293618;-23.4444243;-46.4293618;7406556.502;353990.347;EPSG:31983;OK;30/07/2026;31/07/2026;SIM;30/07/2026;11;30/07/2026;12;0;0
211742769;Em Análise;00272/24;00272/24 - Médio Cocho Velho - Pct 10B;00272/24 - FV-07.1.002 - Poço de visita e serviço;FV-07.1.002 - Poço de visita e serviço;Guilherme Soares Ribeiro;30/07/2026 11:21:55;30/07/2026 13:29:31;30/07/2026 13:29:37;0;-23.4552593,-46.4823303;-23.4552593;-46.4823303;7405302.007;348591.141;EPSG:31983;OK;30/07/2026;31/07/2026;SIM;30/07/2026;11;30/07/2026;13;0;0
211742632;Concluído;00797/24;00797/24 - ME do Alto Baquirivu-Guaçu - Pct 20;00797/24 - FV-08.1.003 - Vala a céu aberto;FV-08.1.003 - Vala a céu aberto;Claudio Antônio Fernandes da Silva;30/07/2026 11:21:13;30/07/2026 11:37:47;30/07/2026 11:38:05;30/07/2026 12:04:07;-23.4001367,-46.3151967;-23.4001367;-46.3151967;7411571.443;365609.058;EPSG:31983;OK;30/07/2026;31/07/2026;SIM;30/07/2026;11;30/07/2026;11;0;0
211741290;Concluído;01151/21;01151/21 - Obras na TC-28 - Cabuçu de Cima;01151/21 - FV-07.1.002 - Poço de visita e serviço;FV-07.1.002 - Poço de visita e serviço;Ana Paula Lourenço Machado Souto;30/07/2026 11:14:18;30/07/2026 11:21:52;30/07/2026 11:22:00;30/07/2026 11:26:14;-23.4292692,-46.5724503;-23.4292692;-46.5724503;7408082.298;339353.088;EPSG:31983;OK;30/07/2026;31/07/2026;SIM;30/07/2026;11;30/07/2026;11;0;0
211740222;Em Análise;00900/24;00900/24 - MD do Alto Baquirivu-Guaçu - Pct 19;00900/24 - FV-05.1.002 - Furo direcional;FV-05.1.002 - Furo direcional;Yago Kalil Camargo;30/07/2026 11:08:56;30/07/2026 11:44:23;30/07/2026 11:44:30;0;-23.4043533,-46.3697679;-23.4043533;-46.3697679;7411052.644;360036.517;EPSG:31983;OK;30/07/2026;31/07/2026;SIM;30/07/2026;11;30/07/2026;11;0;-1
211737917;Concluído;01151/21;01151/21 - Obras na TC-28 - Cabuçu de Cima;01151/21 - FV-04.1.002 - Cravação de tubos;FV-04.1.002 - Cravação de tubos;Ana Paula Lourenço Machado Souto;30/07/2026 10:57:43;30/07/2026 11:04:34;30/07/2026 11:04:39;30/07/2026 11:13:36;-23.4292045,-46.5715117;-23.4292045;-46.5715117;7408090.509;339448.917;EPSG:31983;OK;30/07/2026;31/07/2026;SIM;30/07/2026;10;30/07/2026;11;0;0
211737740;Concluído;00268/24;00268/24 - Alto Cocho Velho - Pct 10C;00268/24 - FV-23.1.002 - Mapeamento de Interferências - Comgás;FV-23.1.002 - Mapeamento de Interferências - Comgás;Wallace Francisco Ribeiro da Silva;30/07/2026 10:56:42;30/07/2026 11:37:37;30/07/2026 11:37:46;30/07/2026 12:58:24;-23.4444622,-46.4295673;-23.4444622;-46.4295673;7406552.097;353969.394;EPSG:31983;OK;30/07/2026;31/07/2026;SIM;30/07/2026;10;30/07/2026;11;0;0
211737176;Concluído;00797/24;00797/24 - ME do Alto Baquirivu-Guaçu - Pct 20;00797/24 - FV-07.1.002 - Poço de visita e serviço;FV-07.1.002 - Poço de visita e serviço;Claudio Antônio Fernandes da Silva;30/07/2026 10:54:04;30/07/2026 11:09:52;30/07/2026 11:09:59;30/07/2026 12:03:48;-23.4018883,-46.31476;-23.4018883;-46.31476;7411377.903;365655.455;EPSG:31983;OK;30/07/2026;31/07/2026;SIM;30/07/2026;10;30/07/2026;11;0;0
211735679;Concluído;03179/23;03179/23 - SES Cajamar Jordanésia;03179/23 - FV-07.1.002 - Poço de visita e serviço;FV-07.1.002 - Poço de visita e serviço;Silas Freitas;30/07/2026 10:47:15;30/07/2026 10:51:23;30/07/2026 10:51:32;30/07/2026 20:49:33;-23.33174,-46.8343167;-23.33174;-46.8343167;7418566.678;312456.807;EPSG:31983;OK;30/07/2026;31/07/2026;SIM;30/07/2026;10;30/07/2026;10;0;0
211734638;Concluído;00268/24;00268/24 - Alto Cocho Velho - Pct 10C;00268/24 - FV-07.1.002 - Poço de visita e serviço;FV-07.1.002 - Poço de visita e serviço;Wallace Francisco Ribeiro da Silva;30/07/2026 10:43:51;30/07/2026 10:54:17;30/07/2026 10:54:23;30/07/2026 11:34:02;-23.452019,-46.416491;-23.452019;-46.416491;7405728.542;355313.562;EPSG:31983;OK;30/07/2026;31/07/2026;SIM;30/07/2026;10;30/07/2026;10;0;0
211734441;Concluído;00268/24;00268/24 - Alto Cocho Velho - Pct 10C;00268/24 - RTS-01.1.001 - Gestão de Segurança e Saúde no Trabalho;RTS-01.1.001 - Gestão de Segurança e Saúde no Trabalho;Ana Paula da Silva Dias;30/07/2026 10:43:00;30/07/2026 16:36:19;30/07/2026 16:36:26;30/07/2026 10:43:01;-23.4448828,-46.4295045;-23.4448828;-46.4295045;7406505.588;353976.272;EPSG:31983;OK;30/07/2026;31/07/2026;SIM;30/07/2026;10;30/07/2026;16;0;0
211728828;Concluído;00268/24;00268/24 - Alto Cocho Velho - Pct 10C;00268/24 - FV-07.1.002 - Poço de visita e serviço;FV-07.1.002 - Poço de visita e serviço;Wallace Francisco Ribeiro da Silva;30/07/2026 10:27:40;30/07/2026 10:43:44;30/07/2026 10:43:48;30/07/2026 11:33:01;-23.4520149,-46.4164886;-23.4520149;-46.4164886;7405728.998;355313.803;EPSG:31983;OK;30/07/2026;31/07/2026;SIM;30/07/2026;10;30/07/2026;10;0;0
211728668;Concluído;00797/24;00797/24 - ME do Alto Baquirivu-Guaçu - Pct 20;00797/24 - FV-07.1.002 - Poço de visita e serviço;FV-07.1.002 - Poço de visita e serviço;Claudio Antônio Fernandes da Silva;30/07/2026 10:26:56;30/07/2026 10:52:02;30/07/2026 10:52:09;30/07/2026 12:03:32;-23.4017256,-46.315228;-23.4017256;-46.315228;7411395.482;365607.463;EPSG:31983;OK;30/07/2026;31/07/2026;SIM;30/07/2026;10;30/07/2026;10;0;0
211727770;Em Análise;00797/24;00797/24 - ME do Alto Baquirivu-Guaçu - Pct 20;00797/24 - FV-03.2.002 - Liberação para concretagem;FV-03.2.002 - Liberação para concretagem;José Marcos da Silva;30/07/2026 10:23:55;30/07/2026 12:44:21;30/07/2026 12:44:25;0;-23.4135978,-46.3726009;-23.4135978;-46.3726009;7410026.273;359756.746;EPSG:31983;OK;30/07/2026;31/07/2026;SIM;30/07/2026;10;30/07/2026;12;0;0
211726522;Concluído;00268/24;00268/24 - Alto Cocho Velho - Pct 10C;00268/24 - RTS-01.1.001 - Gestão de Segurança e Saúde no Trabalho;RTS-01.1.001 - Gestão de Segurança e Saúde no Trabalho;Paulo da Silva Maximiano;30/07/2026 10:20:17;30/07/2026 20:28:30;30/07/2026 20:28:34;30/07/2026 10:20:17;-23.438125,-46.5735909;-23.438125;-46.5735909;7407100.382;339247.254;EPSG:31983;OK;30/07/2026;31/07/2026;SIM;30/07/2026;10;30/07/2026;20;0;0
211726371;Em Análise;00900/24;00900/24 - MD do Alto Baquirivu-Guaçu - Pct 19;00900/24 - FV-07.1.002 - Poço de visita e serviço;FV-07.1.002 - Poço de visita e serviço;Cláudio Vinicius Teixeira;30/07/2026 10:19:50;30/07/2026 10:32:37;30/07/2026 10:32:43;0;0;;;;;;SEM COORDENADA;30/07/2026;31/07/2026;SIM;30/07/2026;10;30/07/2026;10;0;-1
211726099;Concluído;00274/24;00274/24 - Baixo Cocho Velho - Pct 10A;00274/24 - RTS-01.1.001 - Gestão de Segurança e Saúde no Trabalho;RTS-01.1.001 - Gestão de Segurança e Saúde no Trabalho;Stephania Santos Souza;30/07/2026 10:18:58;30/07/2026 13:13:03;30/07/2026 13:33:19;30/07/2026 10:19:00;-23.4394242,-46.4600471;-23.4394242;-46.4600471;7407078.710;350849.760;EPSG:31983;OK;30/07/2026;31/07/2026;SIM;30/07/2026;10;30/07/2026;13;0;0
211725643;Concluído;00797/24;00797/24 - ME do Alto Baquirivu-Guaçu - Pct 20;00797/24 - FV-07.1.002 - Poço de visita e serviço;FV-07.1.002 - Poço de visita e serviço;Claudio Antônio Fernandes da Silva;30/07/2026 10:17:24;30/07/2026 10:22:04;30/07/2026 10:22:11;30/07/2026 12:03:16;-23.4012243,-46.3164513;-23.4012243;-46.3164513;7411449.848;365481.942;EPSG:31983;OK;30/07/2026;31/07/2026;SIM;30/07/2026;10;30/07/2026;10;0;0
211724011;Concluído;00268/24;00268/24 - Alto Cocho Velho - Pct 10C;00268/24 - FV-07.1.002 - Poço de visita e serviço;FV-07.1.002 - Poço de visita e serviço;Adelson de Almeida;30/07/2026 10:10:52;30/07/2026 10:17:55;30/07/2026 10:18:00;30/07/2026 11:31:49;-23.4519318,-46.4161986;-23.4519318;-46.4161986;7405738.491;355343.338;EPSG:31983;OK;30/07/2026;31/07/2026;SIM;30/07/2026;10;30/07/2026;10;0;0
211723769;Concluído;00274/24;00274/24 - Baixo Cocho Velho - Pct 10A;00274/24 - FV-07.1.002 - Poço de visita e serviço;FV-07.1.002 - Poço de visita e serviço;Edmilson Ferreira Figueiredo;30/07/2026 10:09:45;30/07/2026 10:18:07;30/07/2026 10:18:13;30/07/2026 16:53:21;-23.4378536,-46.4591614;-23.4378536;-46.4591614;7407253.541;350938.490;EPSG:31983;OK;30/07/2026;31/07/2026;SIM;30/07/2026;10;30/07/2026;10;0;0
211723563;Concluído;00277/24;00277/24 - Baquirivu - Tanquinho - Pct 15D;00277/24 - FV-02.1.006 - Liberação de Frente de Serviço;FV-02.1.006 - Liberação de Frente de Serviço;Erivelton Leite dos Santos Silva;30/07/2026 09:52:54;30/07/2026 10:30:13;30/07/2026 10:31:56;30/07/2026 15:19:09;-23.4186669,-46.30764;-23.4186669;-46.30764;7409526.701;366399.925;EPSG:31983;OK;30/07/2026;31/07/2026;SIM;30/07/2026;09;30/07/2026;10;0;0
211723239;Concluído;03179/23;03179/23 - SES Cajamar Jordanésia;03179/23 - FV-07.1.002 - Poço de visita e serviço;FV-07.1.002 - Poço de visita e serviço;Silas Freitas;30/07/2026 10:07:37;30/07/2026 10:32:30;30/07/2026 10:32:35;30/07/2026 20:48:37;-23.3322817,-46.8320552;-23.3322817;-46.8320552;7418509.620;312688.840;EPSG:31983;OK;30/07/2026;31/07/2026;SIM;30/07/2026;10;30/07/2026;10;0;0
211721834;Concluído;00274/24;00274/24 - Baixo Cocho Velho - Pct 10A;00274/24 - FV-07.1.002 - Poço de visita e serviço;FV-07.1.002 - Poço de visita e serviço;Edmilson Ferreira Figueiredo;30/07/2026 10:01:37;30/07/2026 10:09:20;30/07/2026 10:09:30;30/07/2026 15:05:44;-23.4378562,-46.4591547;-23.4378562;-46.4591547;7407253.260;350939.177;EPSG:31983;OK;30/07/2026;31/07/2026;SIM;30/07/2026;10;30/07/2026;10;0;0
211721297;Em Análise;00900/24;00900/24 - MD do Alto Baquirivu-Guaçu - Pct 19;00900/24 - FV-07.1.002 - Poço de visita e serviço;FV-07.1.002 - Poço de visita e serviço;Yago Kalil Camargo;30/07/2026 09:59:18;30/07/2026 10:33:29;30/07/2026 10:33:35;0;-23.4020272,-46.4288253;-23.4020272;-46.4288253;7411251.651;353998.610;EPSG:31983;OK;30/07/2026;31/07/2026;SIM;30/07/2026;09;30/07/2026;10;0;-1
211721229;Concluído;00268/24;00268/24 - Alto Cocho Velho - Pct 10C;00268/24 - FV-07.1.002 - Poço de visita e serviço;FV-07.1.002 - Poço de visita e serviço;Wallace Francisco Ribeiro da Silva;30/07/2026 09:58:59;30/07/2026 10:27:33;30/07/2026 10:27:38;30/07/2026 11:30:55;-23.4519707,-46.4164779;-23.4519707;-46.4164779;7405733.903;355314.848;EPSG:31983;OK;30/07/2026;31/07/2026;SIM;30/07/2026;09;30/07/2026;10;0;0
211719416;Concluído;00274/24;00274/24 - Baixo Cocho Velho - Pct 10A;00274/24 - FV-07.1.002 - Poço de visita e serviço;FV-07.1.002 - Poço de visita e serviço;Edmilson Ferreira Figueiredo;30/07/2026 09:50:23;30/07/2026 10:01:25;30/07/2026 10:01:30;30/07/2026 14:52:48;-23.4378519,-46.4591536;-23.4378519;-46.4591536;7407253.737;350939.285;EPSG:31983;OK;30/07/2026;31/07/2026;SIM;30/07/2026;09;30/07/2026;10;0;0
211716327;Concluído;03179/23;03179/23 - SES Cajamar Jordanésia;03179/23 - FV-07.1.002 - Poço de visita e serviço;FV-07.1.002 - Poço de visita e serviço;Silas Freitas;30/07/2026 09:35:45;30/07/2026 09:58:00;30/07/2026 09:58:09;30/07/2026 20:40:32;-23.3427637,-46.8245765;-23.3427637;-46.8245765;7417358.478;313468.298;EPSG:31983;OK;30/07/2026;31/07/2026;SIM;30/07/2026;09;30/07/2026;09;0;0
211715999;Concluído;00268/24;00268/24 - Alto Cocho Velho - Pct 10C;00268/24 - FV-07.1.002 - Poço de visita e serviço;FV-07.1.002 - Poço de visita e serviço;Adelson de Almeida;30/07/2026 09:34:02;30/07/2026 09:41:21;30/07/2026 09:41:27;30/07/2026 11:30:10;-23.4521686,-46.4166589;-23.4521686;-46.4166589;7405711.808;355296.573;EPSG:31983;OK;30/07/2026;31/07/2026;SIM;30/07/2026;09;30/07/2026;09;0;0
211715392;Concluído;00797/24;00797/24 - ME do Alto Baquirivu-Guaçu - Pct 20;00797/24 - FV-07.1.002 - Poço de visita e serviço;FV-07.1.002 - Poço de visita e serviço;Claudio Antônio Fernandes da Silva;30/07/2026 09:31:02;30/07/2026 10:11:53;30/07/2026 10:21:39;30/07/2026 12:02:58;-23.4014367,-46.3153528;-23.4014367;-46.3153528;7411427.354;365594.418;EPSG:31983;OK;30/07/2026;31/07/2026;SIM;30/07/2026;09;30/07/2026;10;0;0
211715206;Concluído;00268/24;00268/24 - Alto Cocho Velho - Pct 10C;00268/24 - RTS-01.1.001 - Gestão de Segurança e Saúde no Trabalho;RTS-01.1.001 - Gestão de Segurança e Saúde no Trabalho;Ana Paula da Silva Dias;30/07/2026 09:30:13;30/07/2026 12:01:05;30/07/2026 12:01:15;30/07/2026 09:30:14;-23.444873,-46.4295061;-23.444873;-46.4295061;7406506.671;353976.098;EPSG:31983;OK;30/07/2026;31/07/2026;SIM;30/07/2026;09;30/07/2026;12;0;0
211713984;Concluído;00277/24;00277/24 - Baquirivu - Tanquinho - Pct 15D;00277/24 - FV-07.1.002 - Poço de visita e serviço;FV-07.1.002 - Poço de visita e serviço;Osman Balbino da Silva Junior;30/07/2026 09:24:58;30/07/2026 09:35:47;30/07/2026 09:35:55;30/07/2026 15:19:26;-23.4167935,-46.4575739;-23.4167935;-46.4575739;7409587.176;351077.094;EPSG:31983;OK;30/07/2026;31/07/2026;SIM;30/07/2026;09;30/07/2026;09;0;0
211713975;Concluído;03179/23;03179/23 - SES Cajamar Jordanésia;03179/23 - FV-07.1.002 - Poço de visita e serviço;FV-07.1.002 - Poço de visita e serviço;Silas Freitas;30/07/2026 09:24:55;30/07/2026 09:28:17;30/07/2026 09:28:22;30/07/2026 09:31:21;-23.3431393,-46.8301237;-23.3431393;-46.8301237;7417309.712;312901.585;EPSG:31983;OK;30/07/2026;31/07/2026;SIM;30/07/2026;09;30/07/2026;09;0;0
211713005;Concluído;00274/24;00274/24 - Baixo Cocho Velho - Pct 10A;00274/24 - FV-07.1.002 - Poço de visita e serviço;FV-07.1.002 - Poço de visita e serviço;Edmilson Ferreira Figueiredo;30/07/2026 09:20:10;30/07/2026 09:31:11;30/07/2026 09:31:19;30/07/2026 14:44:31;-23.4378389,-46.4591531;-23.4378389;-46.4591531;7407255.177;350939.321;EPSG:31983;OK;30/07/2026;31/07/2026;SIM;30/07/2026;09;30/07/2026;09;0;0
211712725;Concluído;00268/24;00268/24 - Alto Cocho Velho - Pct 10C;00268/24 - FV-23.1.002 - Mapeamento de Interferências - Comgás;FV-23.1.002 - Mapeamento de Interferências - Comgás;Wallace Francisco Ribeiro da Silva;30/07/2026 09:18:53;30/07/2026 11:38:21;30/07/2026 13:56:51;30/07/2026 17:09:37;-23.444699,-46.4303813;-23.444699;-46.4303813;7406525.050;353886.492;EPSG:31983;OK;30/07/2026;31/07/2026;SIM;30/07/2026;09;30/07/2026;11;0;0
211712637;Concluído;00277/24;00277/24 - Baquirivu - Tanquinho - Pct 15D;00277/24 - FV-07.1.002 - Poço de visita e serviço;FV-07.1.002 - Poço de visita e serviço;Osman Balbino da Silva Junior;30/07/2026 09:18:31;30/07/2026 09:24:44;30/07/2026 09:24:51;30/07/2026 15:19:42;-23.4163794,-46.4585363;-23.4163794;-46.4585363;7409632.035;350978.285;EPSG:31983;OK;30/07/2026;31/07/2026;SIM;30/07/2026;09;30/07/2026;09;0;0
211712417;Concluído;00272/24;00272/24 - Médio Cocho Velho - Pct 10B;00272/24 - FV-03.1.002 - Concretagem estrutural;FV-03.1.002 - Concretagem estrutural;Guilherme Soares Ribeiro;30/07/2026 09:15:11;30/07/2026 10:37:56;30/07/2026 10:38:01;30/07/2026 12:02:34;-23.44914,-46.4506239;-23.44914;-46.4506239;7406012.605;351823.363;EPSG:31983;OK;30/07/2026;31/07/2026;SIM;30/07/2026;09;30/07/2026;10;0;0
211711489;Concluído;00797/24;00797/24 - ME do Alto Baquirivu-Guaçu - Pct 20;00797/24 - FV-03.2.002 - Liberação para concretagem;FV-03.2.002 - Liberação para concretagem;José Marcos da Silva;30/07/2026 09:12:59;30/07/2026 10:09:24;30/07/2026 10:09:31;30/07/2026 12:02:01;-23.4138021,-46.3724912;-23.4138021;-46.3724912;7410003.758;359768.172;EPSG:31983;OK;30/07/2026;31/07/2026;SIM;30/07/2026;09;30/07/2026;10;0;0
211710672;Concluído;00277/24;00277/24 - Baquirivu - Tanquinho - Pct 15D;00277/24 - FV-07.1.002 - Poço de visita e serviço;FV-07.1.002 - Poço de visita e serviço;Osman Balbino da Silva Junior;30/07/2026 09:09:21;30/07/2026 09:18:15;30/07/2026 09:18:24;30/07/2026 15:20:00;-23.4163814,-46.4588941;-23.4163814;-46.4588941;7409631.443;350941.725;EPSG:31983;OK;30/07/2026;31/07/2026;SIM;30/07/2026;09;30/07/2026;09;0;0
211708179;Concluído;00272/24;00272/24 - Médio Cocho Velho - Pct 10B;00272/24 - FV-07.1.002 - Poço de visita e serviço;FV-07.1.002 - Poço de visita e serviço;Guilherme Soares Ribeiro;30/07/2026 08:55:58;30/07/2026 10:47:02;30/07/2026 10:47:08;30/07/2026 12:01:41;-23.4491371,-46.4506266;-23.4491371;-46.4506266;7406012.924;351823.084;EPSG:31983;OK;30/07/2026;31/07/2026;SIM;30/07/2026;08;30/07/2026;10;0;0
211708173;Concluído;00272/24;00272/24 - Médio Cocho Velho - Pct 10B;00272/24 - FV-03.2.002 - Liberação para concretagem;FV-03.2.002 - Liberação para concretagem;Guilherme Soares Ribeiro;30/07/2026 08:55:47;30/07/2026 10:23:45;30/07/2026 10:23:50;30/07/2026 12:01:27;-23.4489931,-46.4508222;-23.4489931;-46.4508222;7406028.667;351802.940;EPSG:31983;OK;30/07/2026;31/07/2026;SIM;30/07/2026;08;30/07/2026;10;0;0
211708122;Concluído;00277/24;00277/24 - Baquirivu - Tanquinho - Pct 15D;00277/24 - FV-07.1.002 - Poço de visita e serviço;FV-07.1.002 - Poço de visita e serviço;Osman Balbino da Silva Junior;30/07/2026 08:57:22;30/07/2026 09:09:02;30/07/2026 09:09:12;30/07/2026 15:20:18;-23.4163283,-46.4589137;-23.4163283;-46.4589137;7409637.303;350939.663;EPSG:31983;OK;30/07/2026;31/07/2026;SIM;30/07/2026;08;30/07/2026;09;0;0
211707706;Concluído;00274/24;00274/24 - Baixo Cocho Velho - Pct 10A;00274/24 - FV-07.1.002 - Poço de visita e serviço;FV-07.1.002 - Poço de visita e serviço;Edmilson Ferreira Figueiredo;30/07/2026 08:55:21;30/07/2026 09:06:55;30/07/2026 09:07:00;30/07/2026 14:35:05;-23.4438712,-46.457798;-23.4438712;-46.457798;7406588.619;351084.535;EPSG:31983;OK;30/07/2026;31/07/2026;SIM;30/07/2026;08;30/07/2026;09;0;0
211705430;Concluído;00274/24;00274/24 - Baixo Cocho Velho - Pct 10A;00274/24 - FV-07.1.002 - Poço de visita e serviço;FV-07.1.002 - Poço de visita e serviço;Edmilson Ferreira Figueiredo;30/07/2026 08:44:00;30/07/2026 08:55:06;30/07/2026 08:55:11;30/07/2026 14:20:39;-23.4438596,-46.4578121;-23.4438596;-46.4578121;7406589.889;351083.082;EPSG:31983;OK;30/07/2026;31/07/2026;SIM;30/07/2026;08;30/07/2026;08;0;0
211705255;Concluído;00268/24;00268/24 - Alto Cocho Velho - Pct 10C;00268/24 - RTS-01.1.001 - Gestão de Segurança e Saúde no Trabalho;RTS-01.1.001 - Gestão de Segurança e Saúde no Trabalho;Ana Paula da Silva Dias;30/07/2026 08:43:00;30/07/2026 09:58:35;30/07/2026 09:58:43;30/07/2026 08:43:01;-23.4520702,-46.4164045;-23.4520702;-46.4164045;7405722.959;355322.455;EPSG:31983;OK;30/07/2026;31/07/2026;SIM;30/07/2026;08;30/07/2026;09;0;0
211704876;Concluído;00268/24;00268/24 - Alto Cocho Velho - Pct 10C;00268/24 - FV-23.1.002 - Mapeamento de Interferências - Comgás;FV-23.1.002 - Mapeamento de Interferências - Comgás;Adelson de Almeida;30/07/2026 08:40:51;30/07/2026 11:37:49;30/07/2026 11:37:56;30/07/2026 12:59:23;-23.4521433,-46.4167434;-23.4521433;-46.4167434;7405714.524;355287.913;EPSG:31983;OK;30/07/2026;31/07/2026;SIM;30/07/2026;08;30/07/2026;11;0;0
211698883;Reaberto;02069/22;02069/22 - Vertentes;02069/22 - FV-01.2.002 - Canteiro de obras - manutenção;FV-01.2.002 - Canteiro de obras - manutenção;Guilherme Souza Lins;30/07/2026 08:08:01;0;30/07/2026 10:06:11;30/07/2026 08:08:02;-23.424145,-46.4065985;-23.424145;-46.4065985;7408824.908;356294.020;EPSG:31983;OK;30/07/2026;31/07/2026;SIM;30/07/2026;08;0;;-1;46233
211698258;Concluído;00268/24;00268/24 - Alto Cocho Velho - Pct 10C;00268/24 - FV-23.1.002 - Mapeamento de Interferências - Comgás;FV-23.1.002 - Mapeamento de Interferências - Comgás;Adelson de Almeida;30/07/2026 08:04:22;30/07/2026 11:36:44;30/07/2026 11:36:51;30/07/2026 13:00:27;-23.4521736,-46.4166734;-23.4521736;-46.4166734;7405711.239;355295.097;EPSG:31983;OK;30/07/2026;31/07/2026;SIM;30/07/2026;08;30/07/2026;11;0;0
